car_brand,car_model,comments,likes
BMW,5시리즈,[공지사항] 렌더링 문제로 일부 영역이 깨지는 현상이 발견되어 재등록합니다. 해당 영상에는 스폰서 광고(타이어)가 포함되어 있습니다.,70
BMW,5시리즈,BMW 530i xDrive는 2.0L 터보차저가 들어간 파워트레인이지만 ZF변속기도 좋고 로직셋팅도 좋아서 가속력만큼은 동급에서 거의 잡을차가 없어보입니다.,52
BMW,5시리즈,"기태형의 리뷰는 일상적인 면을 항상 반영해서 상품성 설명도 해주니까 좋다.정말 넘치는 가짜 리뷰어, 얼굴 썸네일로 조회수나 올리는 리뷰어들은 범접을 못한다",33
BMW,5시리즈,역시 믿고보는 오토뷰!!자동차 그리는 카드로잉입니다! 아무리 열심히 그려도 오토뷰 채널 영상만큼 멋진 느낌을 살리지 못하네요🥰,13
BMW,5시리즈,17년식 530i msp 운행중인데 한 1년쯤 지나면 평소같았으면 기변욕심이 생겼는데 이차 몰고나서부턴 딱히 기변생각이 안들더라고요. 첫 수입차이기도 하고 너무 만족하면서 타고있습니다.,7
BMW,5시리즈,정직한 리뷰 언제나 박수를 보냅니다,6
BMW,5시리즈,역시 좋은 리뷰 감사합니다.M서스일텐데 승차감이 부드럽게 바뀐것일까요?  단순 런플랫 -> 일반 타이어 변경의 효과일까요?후륜에 적용된 M서스와 xdrive에 적용된 M서스가 같은것인지 궁금해집니다~ LCI 이전 g30으로는  승차감 측면에서 딱딱~단단하다는 평가를 받던 M서스였는데 말이지요..,3
BMW,5시리즈,페이스리프트 진짜 깔끔하고 군더더기없이 잘된것 같아요.,6
BMW,5시리즈,페리 전엔 밋밋했었는데 지금 봤을땐 완성도가 높아진 느낌이랄까요 특히 후면라이트가 이쁩니다,3
BMW,5시리즈,530i msp랑 럭셔리랑 승차감 차이가 어느정도 나는지도 궁금하네요. 그리고 xdrive가 그만큼의 값어치를 하는지도요,6
BMW,5시리즈,리뷰 잘봤어요. 요즘은 520i가 가성비 모델로 아주  핫합니다. 럭셔리모델로 리뷰해주시면 많은 분들께 도움될꺼에요.,34
BMW,5시리즈,너무 갖고 싶고 관심있는 모델인데 드디어 올라왔네요!감사합니다~ 리뷰 잘 보겠습니다~^^,1
BMW,5시리즈,김기태pd님 리뷰는 진국 리뷰..10년 넘게 팬입니다.,17
BMW,5시리즈,530i xdrive MSP OE 19년형 모델 오너입니다.. 모르고 샀다가 정말 탈수록 놀라운 차내요. 만족도는 최강입니다. 연비와 효율 그리고 출력 가속력 편의성 정숙성 어느것 하나 뒤지는 부분이 없습니다. 서스도 m 서스가 들어갔구요 롤이나 피칭 요잉 못느낄정도로 좋구요. Sports  plus로 달리면 차가 정말 눈깜짝할 사이에 200km 도달한다는걸 다들 알겁니다.제가 235km 달려봤는데 4인 기준 정말 빠르게 올라가더라구요. 6기통이 좋지만 더 밟으실거 아니면 일반인들 직발 기준으로 이미 춘분하다고 생각이듭니다. 이 좋은 리뷰 질보고 갑니다,4
BMW,5시리즈,벤츠 신형 e클과의 전체적인 완성도 비교가 어떻게 될 지 너무나도 기다려지네요ㅠㅠ 항상 감사합니다!,1
BMW,5시리즈,530e도 오토뷰에서 한번 다뤄주셨으면 좋겠습니다 phev 모델에 대해서는 너무 정보가 적네요항상 최고의 리뷰 잘 보고 있고 응원합니다,5
BMW,5시리즈,옵션 빠졌다고 해도 몇 달 지나면 옵션 강화로 해서 약간 가격이 올라도 다 넣어줘서 이게 bmw 좋은 점 같음,44
BMW,5시리즈,광고가 많아져서 좋아요!!(비꼬는거 아니고 진심입니다) 이런 양질의 영상이 타채널 대비 그 동안은 너무 없었으니까요~ 항상 응원합니다!!,29
BMW,5시리즈,믿고 보는 오토뷰!!! 520i 모델도 리뷰 해주시면 정말 좋을것 같습니다,21
BMW,5시리즈,믿고보는 오토뷰. 기자님들 최고,1
BMW,5시리즈,요새 플러그인하이브리드가 각광받는데 530e 시승기도 꼭 부탁드려요~530i와 비교가 너무궁금합니다,7
BMW,5시리즈,정숙하다 하셨는데 아이들/80키로 주행 시 데시벨 점수는 생략된 게 아쉽네요ㅜㅜ,1
BMW,5시리즈,김기태 기자님~ 짱~~!^^,2
BMW,5시리즈,비슷한 스펙과 구동계를 가지고 있는 V60과의 달리기 느낌이 어떻게 다른지 궁금합니다. 위시리스트에 올려놓고 있어서요.,3
BMW,5시리즈,역시 오토뷰!!영상 잘봤습니다^^,1
BMW,5시리즈,전세대 528i보다 부드럽고 세련된 주행감각은 좋은데 박력있는 파워트레인 감성은 아쉽게 느껴지더라고요.,5
BMW,5시리즈,BMW는 디자인의 큰 틀은 유지하면서 새로운 변화를 준다는 점이 참 좋다고 생각합니다. 돼지 콧구멍같은 키드니 그릴은 BMW의 상징 중 하나죠. 오늘도 잘 보겠습니다 오토뷰ㅎㅎ,51
BMW,5시리즈,리뷰 잘봤습니다 감사합니다영상에도 나왔다시피 후륜구동과의 차이점(?)에 대한 리뷰는 언제쯤 나올른지 궁금하네요,1
BMW,5시리즈,일단 좋아요 눌리고 감상..!!기존 530i msp 모는 입장에서 lci 모델이 많은 차이가 있는지 궁금하네요,4
BMW,5시리즈,하이브리드 제품도 너무 궁금합니다.오토뷰만큼 믿고볼만한 채널이 없는거같아요.제발 하이브리드도 리뷰부탁드려요!!,3
BMW,5시리즈,믿고보는 시승기 잘 봤습니다. 플러그인 하이브리드 모델인 530e 도 시승기 부탁드려요~,1
BMW,5시리즈,아이고 이 리뷰가 있는 줄 몰랐네요. 잘 보고 갑니다~~,1
BMW,5시리즈,폰으로만 보다가 4k 티비로 봤는데 영상미가 대박이네요,3
BMW,5시리즈,돈 많으면 진짜 사고싶은차 페리모델 너무 멋있어요!!,5
BMW,5시리즈,공짜로 봐도되나 의심스러운 멋진 영상 이번에도 감사합니다^^,5
BMW,5시리즈,PHEV 530e도 리뷰 한번 부탁드려요~BMW에서 젤 밀고 있는 모델이던데..배터리때문에 200kg이상 무거워져서 벨런스가 깨졌을꺼 같은데.. 장점만 부각하지 아무도 이야길 안하네요;;;,1
BMW,5시리즈,후륜 모델은 서스펜션이 너무 하드하다던데 사륜하고 차이가 그렇게 많이 나나요?어느정도 기본은 비슷 할 꺼라 생각했는데 아닌가요?같은 msp가 들어갔는데 승차감 차이가 얼마나 나는지 궁금하네요,1
BMW,5시리즈,잘 보고있습니다감성소리에 도어락 열릴 때와 닫힐 때 소리도 넣어주시면 좋겠네요^^;;,1
BMW,5시리즈,4기통엔진임에도회전질감이좋습니다👍👍👍👏👏♥️💯💯💯,16
BMW,5시리즈,이번에 5시리즈 승차감이 너무 부드러워져서 M5 스트럿바랑 크로스 스트럿 장착하면 예전 BMW같은 느낌납니다.,1
BMW,5시리즈,믿고보는오토뷰~!!,3
BMW,5시리즈,"530i 보다는 520i 타는 사람이 많은 것 같아요.경기도라서 그런지 모르겠지만, 200마력 아래 20i 터보가 이렇게 많은 줄 몰랐습니다 ㅠㅠ",5
BMW,5시리즈,오토뷰 리뷰는 정말 신뢰가 높습니다. 구매 결정한 계기가 되었습니다~혹시 시승시에 530i 냉간시 또는 정차시 시트에 엔진 잔진동이 있는지 궁금합니다. ^^길들이기를 잘못한건가요?,1
BMW,5시리즈,믿고 보는 오토뷰 선댓글 후감상 들어갑니다~,14
BMW,5시리즈,Beautiful car,1
BMW,5시리즈,과연 E250EX E350AMG E220D와 비교하면 어떤결과가나올지 궁금하네요 오토뷰존버,1
BMW,5시리즈,이번에 페리 디자인이 너무 이뻐요!잘보겟습니다!,18
BMW,5시리즈,잘보고 있습니다후륜구동이 궁금합니다!!!,2
BMW,5시리즈,벤츠 타다가 530i 넘어온지 2주됐는데 벤츠 바로 잊혀질 정도로 만족스럽습니다👍,2
BMW,5시리즈,드디어 오토뷰가 20만이 보입니다 ㅎㅎ,3
BMW,5시리즈,후륜 구동 모델 검증 예고하셨는데 영상 빨리 올라왔으면 좋겠네요 ㅎㅎ 기대중입니다,1
BMW,5시리즈,중형세단의 그냥 끝판왕이라고 해도 과언이 아님,5
BMW,5시리즈,대한민국 유일무이 원탑 카리뷰 오토뷰,8
BMW,5시리즈,믿고보는 오토뷰,8
BMW,5시리즈,동급 수입차&국산차 통틀어서 가성비는 갑이지!!!,2
BMW,5시리즈,리뷰 잘봤습니다~! 520i M팩도 리뷰 해주세요~,8
BMW,5시리즈,530i 후륜 m팩 실구매가 6천중반인데... 사고 싶어지네요 ㅎㅎ,5
BMW,5시리즈,가장 신용하는 리뷰어 이십니다기태형님 신형 투싼 가솔린 부탁드리겠습니다!,1
BMW,5시리즈,전 이번 5시리즈 후륜하고 사륜하고 고민하다가 그냥 후륜으로 구매했습니다. 만족스럽네요,27
BMW,5시리즈,항상 잘 보고잇습니다 ^_^,4
BMW,5시리즈,믿고보는 오토뷰,5
BMW,5시리즈,항상 기대하게 만드는 인트로.. 오늘도 선좋아요 후감상입니다 !!!,2
BMW,5시리즈,강하고 반듯하고 자알생겼다.피지컬은 말할것도 없고.ㅎㅎ,1
BMW,5시리즈,한대 사고싶네요. 오늘도 광고까지 잘보고갑니다.,2
BMW,5시리즈,530i에 레이저 들어가는날까지 존버.,1
BMW,5시리즈,프리미엄 브랜드 중 탑 브랜드!! 한국 시장을 가볍게 생각하지 않는 점 또한 칭찬하고 싶다!!,31
BMW,5시리즈,잘 봤습니다!!,3
BMW,5시리즈,역시 차는 bmw 좋다,10
BMW,5시리즈,와 페리전 530만있어서 아쉬웠는데 바로나와주네요,4
BMW,5시리즈,페리전 620d는 안다뤄 주셨었는데 이번 페리 620d도 리뷰 부탁드립니다~!!,6
BMW,5시리즈,최근에는 520i가 가장 핫하던데 부탁드려요^^,11
BMW,5시리즈,520이랑 530은 가격 차이가 어떻게 되나요? 값어치를 하나...,2
BMW,5시리즈,오토뷰 화이팅!,4
BMW,5시리즈,"5 시리즈 뒷좌석 앉는 부분이 광활하던데 5 시리즈는 계속 이런 크기인가요? e클래스는 좀 짧은 것 같고, 이건 또 너무 큰 것 같고",1
BMW,5시리즈,"씹싸먹는 베엠베 5씨리즈 ,,,,,,,,사고싶다 .....",7
BMW,5시리즈,"요즘 m550i가 너무 궁금한데, 리뷰 계획 없으실까요? 30대후반 기름을 뿌리고 다니는 8기통의 감성을 마지막으로 즐겨보고 싶습니다. 오토뷰에서 리뷰를 해주시면, 선택을 결정 해볼수 있을것 같습니다.!!!😝🤑",1
BMW,5시리즈,로봇리뷰..정확한 리뷰,2
BMW,5시리즈,역시 BMW,5
BMW,5시리즈,외관은 이제 5시리즈가 e클래스를 앞서는듯,1
BMW,5시리즈,오토뷰짱^^,3
BMW,5시리즈,‘김기태 그의 말이 진리다’,15
BMW,5시리즈,페리 630i(6기통) 리뷰 기다리구있어요 ㅎㅎ,2
BMW,5시리즈,BMW 예전 계기판이 그립다.,7
BMW,5시리즈,갑자기 캐딜락 나와서 놀랬습니다 ㅋㅋㅋㅋ,1
BMW,5시리즈,bmw는 언제난 너무 좋아요~!,5
BMW,5시리즈,그립다 e46 330i 230마력 으로 도로를 휩쓸던 시절그 선배의 330을 힘겹게 잡았던 나의 피아트쿠페!ㅋㅋ,5
BMW,5시리즈,"서라운드뷰 빠지고 가격 100만원 깍았으면 그래도 납득할만한 수준,,",5
BMW,5시리즈,혹시 페리 전 모델에 들어있던 소프트 도어 클로징기능 빠졌나요?,1
BMW,5시리즈,흔하지만 흔한데에는 다 이유가 있죠.. 좋으니까..,58
BMW,5시리즈,후륜모델.그리고 벤츠350까지 기대됩니다,5
BMW,5시리즈,"bmw도 멋있지만, PD님 팔뚝이 더욱 인상적이네요 ㅋㅋ",9
BMW,5시리즈,530 기다렸어요!!!!,3
BMW,5시리즈,5씨리즈에도 에어서스 들어가는 모델이 있나요?,1
BMW,5시리즈,세단의 지존이다 지존무쌍 ㄷㄷㄷㄷㄷ,5
BMW,5시리즈,540i 후륜이 없는 것이 슬픕니다.,10
BMW,5시리즈,5시리즈의 찐은 모니모니해도 3천cc6기통 자연흡기 휘발유 엔진 528i 530i 이지...,1
BMW,5시리즈,"3, 5시리즈 다 국내에 가솔린이 들어오는데 1시리즈만 휘발유모델 안 들어오는 이유가 뭘까여??",1
BMW,5시리즈,그놈의 환경규제가 뭔지이젠 프리미엄 브랜드도 중심모델에는4기통엔진이 당연한 시대인게 좀 슬프네요  ㅜㅜ원치않는 전기차로의 전환도 슬프고요,1
BMW,5시리즈,비엠 세계최고!,10
BMW,5시리즈,즐감했습니다.,2
BMW,5시리즈,이차도 수치상 성능 다뽑을려면 고급유 필수죠 ??,1
BMW,5시리즈,스포트모드에 변속기ds에 놓고 밟음 변속시 탕탕쳐주는 맛이 ㅎㅎ 자꾸이러다 변속기 깨질까봐 겁은 나지만 빈자가 스포츠카? 타는 느낌은 줌,3
BMW,5시리즈,아반떼cn7인스퍼 계약하려고했는데 이영상보니 BMW 급땡기네,1
BMW,5시리즈,아이둘 키우는 오토뷰 구독자 입니다. x3와 5시리즈 둘중에 어떤걸 사야 만족도가 높을까요? 재무부 장관님 허락은 떨어졌는데ㅋㅋ 너무 고민입니다 ㅠㅠㅠ,4
BMW,5시리즈,오토뷰 최고다,2
BMW,5시리즈,여자들 세워놓고 어설프게 리뷰해주는 다른 유튜버랑은 급이 다르네요 디테일한 설명 감사합니다,1
BMW,5시리즈,19년식 530i 럭셔리 타고 있는데 아쉬움이 많습니다. 제 성향 자체가 200키로 이상 밟는 스타일이 아니고 승차감을 원하는데 승차감은 가격대 비해 별루인듯 합니다. 그런 성향이라면 벤츠가 좋을듯하네요,1
BMW,5시리즈,523d 모델도 리뷰해주세요~~~😁😁😁,6
BMW,5시리즈,1:40 5 시리즈 중심은 520d 아닌가요? ㅋ 가솔린은 520i에 많이 밀린 것 같던데,1
BMW,5시리즈,포텐자 타이어 사고싶당,4
BMW,5시리즈,"김PD님이번 시승기는 만족도가 떨어집니다.우선 제가 받은 느낌은 540i 시승 후 급하게 530i 차를 받아 대충 시승한 느낌이랄까요?과거 17년도 m스포츠서스펜션 미적용됐을 당시 부드러워 졌네...BMW맛이 희미해졌다라고 평하신거 같은데요...이번 LCI페리 모델 경우 M550i만 시승한 본인은 신형 530i를 아직 타보지 못했지만 19년형 530i Msp 후륜 모델을 타는 저로써는 공감이 되지 않네요.540i와 530i 신형간 서스펜션 차이점, 타이어 인치 및 런플랫 유무 등 상세한 비교 그리고 페리직전 모델간 비교 등 5시리지 글로벌 판매 1위 국가에 맞게 디테일하고 정성스런 시승기가 되지 못한 부분이 아쉽습니다.",7
BMW,5시리즈,끝나고 나서 혼자말 하는것도 넣어주세요.. 오늘은 그게 없네요ㅠ,3
BMW,5시리즈,18년식 520d msp+ 타는데 왜 이걸로 바꾸고싶냐...,4
BMW,5시리즈,"역쉬,,,차는~BMW죠!!!탈매볼매입니당~~~",3
BMW,5시리즈,평 최고입니다 ~,1
BMW,5시리즈,이해 못하실 분들도 계시겠지만 저는 진짜로 340i랑 530i msp 중에서 고민 중이에요 🤔,5
BMW,5시리즈,다음차는 530i 살수있도록ㅎㅎ,2
BMW,5시리즈,재업되었군요 ㅎㅎ감사히 보겠습니다!,5
BMW,5시리즈,340i랑 가격대가 겹치는구나...,3
BMW,5시리즈,잘 보고 갑니다,3
BMW,5시리즈,올 뉴 렉스턴 리뷰 부탁드려요^^,1
BMW,5시리즈,"8:59 와 진자 못생걌다,,,,,",22
BMW,5시리즈,520i 리뷰해주시면 감사하겠습니다.~,23
BMW,5시리즈,👍👍👍👍👍👍오토뷰👍👍👍👍👍👍,4
BMW,5시리즈,서라운드 뷰가 빠지다니 ....,2
BMW,5시리즈,520i mpac 리뷰좀 해주세요 530하고 고민하는 분들이 많을거에요~~!! 저 포함해서 ㅠㅠ,14
BMW,5시리즈,역시 차는 비엠,5
BMW,5시리즈,잘 보겠습니다 ^^♡,5
BMW,5시리즈,잘볼게요~~,6
BMW,5시리즈,오토뷰가 BMW 530i XDrive를 리뷰한다?닥치고 추천부터 누르고 시청하자.,7
BMW,5시리즈,오오오미 집가서 봐야지 개꿀,4
BMW,5시리즈,2천cc에 4륜은 필요가 없죠 4륜이 필요한건고성능 차량에 일반인이 제어하기 힘들기때문에필요한거지 눈비타령하면서4륜사는사람없길 바랍니다 눈오면 무조건 윈터 타이어입니다,1
BMW,5시리즈,523d 도 보고싶어여 ㅠ,2
BMW,5시리즈,얼레벌레 경량화 5시리즈... 이분 BMW 5시리즈는싫어하시는듯요. 17년도 같은 모델도 실망했다는 멘트 기억나네요.,1
BMW,5시리즈,런치컨트롤이랑 자동주차어케사용하나요?ㅠ,3
BMW,5시리즈,통풍시트가 아예선택안된다는데 정말인가요?,2
BMW,5시리즈,뭔가 되게 3시리즈처럼 생겼네요,1
BMW,5시리즈,530은 왜 4기통일까요GT  630은6기통인데  이거사는거추천드려요 마지막  실키식스 일듯합니다다음모델 마일드48V들어가고엔진은 4기통으로 바뀌어요 ㅜㅜ,2
BMW,5시리즈,"520i도 애플카플레이, 안드로이드 오토 되나요??",2
BMW,5시리즈,현재 테스트카 차량 색상이 뭔가요? 버니나 그레이 인가요?,1
BMW,5시리즈,"530  럭스냐, m팩이냐가 문제일세..",1
BMW,5시리즈,7:36제로백6.36초경쟁차종보다빠르네요,11
BMW,5시리즈,거의 논스톱으로 다봤네요,1
BMW,5시리즈,구독자님들...벤츠CLA250보다 BMW530iMspt가 나을까요?,2
BMW,5시리즈,그릴 크기 딱 좋네요 멧돼지 같은 형님보다 디자인이 훨 나아요,2
BMW,5시리즈,22년식부터530i540i 마일드하이브리드엔진(유럽나옴) 천이상할인못받으면호구잡힘,4
BMW,5시리즈,520i 리뷰는계획없으세요?,27
BMW,5시리즈,👍,2
BMW,5시리즈,오토뷰 리뷰 고화질로 볼려고 고물컴 업글했어요.,1
BMW,5시리즈,썬쉐이드 얼마나 한다고 그걸  뺏을까요.이해가 안가네요;;,4
BMW,5시리즈,제네시스2.5t보다 빠르네ㅋㅋㅋㅋㅋ,12
BMW,5시리즈,5시리즈는 다음세대도 제발 콧구멍 작게 만들어주세요,1
BMW,5시리즈,인트로는 sm엔터테인먼트 뮤비 빰때리네,6
BMW,5시리즈,클락션소리는빼도될듯..,1
BMW,5시리즈,언제쯤 비엠 타보려나 ㅜㅜ,7
BMW,5시리즈,630i 해주세요,3
BMW,5시리즈,도대체 옵션은 왜 삔거죠///?????,3
BMW,5시리즈,전자제어 서스가 8천만원 육박하는 차에 안들어감 ㅎㅎ..,2
BMW,5시리즈,리어 서스펜션 이슈가 있었나요? 검색해도 잘 모르겠는데 어떤 이슈가 있었는지 정보 좀 공유해 주심 안될까요~?? 굽신굽신..,1
BMW,5시리즈,520i 리뷰 할 필요가 없지~ 30i 대비 출력 낮고 통풍시트 정도만 빠진건데..노 아무개씨처럼 빨아줄거 아니면 굳이 할 필요가 있나,8
BMW,5시리즈,👍,2
BMW,5시리즈,아 사고싶은데 너무 오래 기다려야 되서 답답함,1
BMW,5시리즈,G80 2.5T vs 530i,1
BMW,5시리즈,색상 이름 좀 알수잇나요?,2
BMW,5시리즈,앗 우리집차닷,7
BMW,5시리즈,가당키나 타이어 ㅋㅋㅋ,2
BMW,5시리즈,애플 카키 지원안되나요?,1
BMW,5시리즈,사륜을 하는 이유가 멀까요?,3
BMW,5시리즈,540은 바우어스앤윌킨스 오디오인데요,1
BMW,5시리즈,좋아요,1
BMW,5시리즈,광고끝까지 봅시당,4
BMW,5시리즈,520i 해주세요,4
BMW,5시리즈,사운드는 함안가든 인가요?,1
BMW,5시리즈,1:351:351:35,1
BMW,5시리즈,1등ㅎㅎㅎ 내년에 530 구매리스트에 있습니다,10
BMW,5시리즈,추천부터...,6
BMW,5시리즈,무슨 색이에여?,4
BMW,5시리즈,530i ... 4기통 2.0이네,4
BMW,5시리즈,그냥 그런차임.. 밟을때도 없는 한국 도로에서는 20i만 타도됨.. 우리 가족도 어머니 마트용으로 20i msp 하나삼 그냥저냥 잘 타고다니심. 그이상 그이하도 아님,1
BMW,5시리즈,차가 겁나 쎅쉬한 여자같다...,1
BMW,5시리즈,"방향지시등소리가 너무.,저가소리가ㅜ",1
BMW,5시리즈,야르~~ 애기 재우고 자기전에 봐야징~~ㅎㅠㅎ,3
BMW,5시리즈,저는 볼보 s60 요,2
BMW,5시리즈,기태성. 나 왔어유~♡,3
BMW,5시리즈,디자인이 묵직하고 질리지도 않고 성능은 말할것도 없고....철판만 접고 실내외만 화려한 현기랑 비교된다....,5
BMW,5시리즈,5:50,1
BMW,5시리즈,역시나 가솔린 타령...고급차의 기본이 가솔린이라? ㅋㅋㅋ왜그렇게 편협한 사고를 가지고 있는지...,1
BMW,5시리즈,요즘은 bmw불 안나나?,3
BMW,5시리즈,평생 가솔린만 타다가  기름 냄새만 맡아도 가는  디젤 타보고  이젠  디젤탐니다. 주유소 언제 갔는지  기억도 안납니다,3
BMW,5시리즈,잠시후함께ㆍㆍㆍㆍㆍㆍㆍㆍㆍㆍㆍㆍㆍㆍㆍㆍㆍㆍㆍㆍㆍㆍㆍㆍㆍㆍㆍ만나보시겠습니다,6
BMW,5시리즈,1등,4
BMW,5시리즈,목소리가 좀 그래서 음소거로 보고 있음 ㅋㅋㅋ,1
BMW,5시리즈,대기오염 환경 오염의 주범 엔진오일 내연기관 똥🚗를 왜 사노?? 친환경 고성능 명품 전기차 테슬라를 사야지~~ 내연기관 맛 간지 오삼년. 흘러간 노래(내연기관 벤츠.bmw) 부르지 말고 요즘 핫한 유행가(테슬라)를 부르세요~~ 트렌드를 몰라요ㅋㅋㅋ,1
BMW,5시리즈,요약 : 별로임  강남 아줌마들 마트갈때나 타는 차임,5
BMW,5시리즈,"안내 : 모든 테스트카는 각 자동차 제조사 및 수입사가 제공합니다.              해당 콘텐트는 제작 지원을 받아 만들어졌으며 간접 광고가 포함되어 있습니다어느 업체에 제작 지원을 받은 건가요? 타이어 업체인가요? 제조사인가요?지난 번에도 말씀 드렸지만, 정확한 명시가 없으면 신뢰를 할 수 없는 리뷰가 되어 버리고 맙니다.이번에도 타이어 업체에서 컨텐츠 제작 비용을 지급했는지, 아니면 제조사가 컨텐츠 제작 비용을 지불했는지 구독자는 모릅니다.구독자로써 정확한 명시 꼭 좀 부탁드립니다.",1
BMW,5시리즈,6GT트렁크는  스팅어보다도 더 넒고 편해보이네요.  뒷유리까지 같이 열리는 타입들 더 많아졌으면 좋겠습니다. 그랜저도 저런 GT타입 버전으로 나와주면 참 좋을텐데..,9
BMW,5시리즈,"확실히 5-SERIES, 6-SERIES GT가 후기형으로 바뀌면서 외관이 좀더 세련된것 같아요.",6
BMW,5시리즈,"확실히 다른 삼각별, 애우디, 재궈랜드로바 보단 서비스나 품질에서 나은거같다.. 스포츠럭셔리라  삼각별에 밀리는게 너무 아쉽.. A클이나 E클이나 똑같이 생긴 삼각별보단 벰뗌이지",4
BMW,5시리즈,슈팅브레이크처럼 4도어+쿠페+왜건 이런게 많아졌으면하네요,3
BMW,5시리즈,6GT 집앞에있는데 쩔더라.. 진짜 덩치도 엄청커보이기도하고 크기도하고 돈많으면 사고싶네요. 현실은 국산차 ㅠ,1
BMW,5시리즈,역시 시승기는 모카가 깔끔하네요.,2
BMW,5시리즈,한용 기자님 리뷰가 최고 입니다 귀에 쏙쏙 들어 오네요👍👍,7
BMW,5시리즈,5시리즈가 이렇게 이쁘다면 m5는 ㄷㄷ,1
BMW,5시리즈,5시리즈 뭔가 7시리즈처럼 살짝 웅장해진느낌이 없지않아있네 이쁘다,1
BMW,5시리즈,1:27 시트 색깔이 김 기자님 과 잘 어울린색 인것 같네요. 오늘도 영상 잘 봤습니다.,4
BMW,5시리즈,혹시 쌍용 j100 프로젝트 관련 정보는 아직 나온게 없는지 궁금합니다. 예상되는 디자인이 랜드로버 디팬더나 g바겐 닮았다고 해서요 ㅎㅎ,1
BMW,5시리즈,"111~112km/h에서 리어스포일러 자동으로 켜지고, 70km/h이하로 떨어지면 다시 자동으로 들어갑니다. 간혹 70km/h 미만의 속도에서도 펴져있는 차량은 수동으로 작동시킨거지요~",2
BMW,5시리즈,"2021년도에 4시리즈 뉴트리아 그릴처럼 3, 5 시리즈 변경되나요 ?? 아님 향후 변경될 계획인가요 ?",2
BMW,5시리즈,뒷쪽 날개는 수동으로도 조절가능합니다 ㅎㅎㅎ,1
BMW,5시리즈,BMW차는 고급스럽고 너무 예쁜 거 같아요,2
BMW,5시리즈,6시리즈가 정말 메리트있는 차인건 확실한데 언뜻 선택하기도 힘든차라....흠.그냥 있는차나 타야지,1
BMW,5시리즈,gv80 풀옵 기다리는 중인데 6gt도 잘 나왔네요.,3
BMW,5시리즈,진실의 작대깈ㅋㅋㅋㅋㅋㅋㅋㅋ 제가 제일 좋아하는 맷의 리뷰중 한 요소인뎈ㅋㅋㅋㅋㅋㅋㅋㅋㅋㅋ 아 그리고 맞슴다 미국 미니 비엠 한국타이어 끼고 나와요! 저도... 미니가 한쿡타이어... 뭐 싫다는건 아니고... 👀,2
BMW,5시리즈,이 행사 퍼들하우스에서 한지 좀 지났지 않나요?? 한용님 영상 엄청 기다렸습니다!^^ 다들 올라오는데 업뎃 안되서 이상하다 느끼고 있었어요ㅜㅎㅎ 잘 보겠습니다!ㅋ,4
BMW,5시리즈,3:57 구간단속 평균속도 HUD에 표기되는데요... 18년식 기준(ID6)으로요. 설마 신형에서 빠진건가여?,10
BMW,5시리즈,오늘도 6gt영상을 보면 내일 하루를 더 힘차게 시작해보자라는 마음으로 잠들러 갑니다ㅠ,28
BMW,5시리즈,시멘트색이 저렇게 이쁘다니 ㅠㅠㅠㅠㅜ,45
BMW,5시리즈,BMW 코인은 스테이블 코인이 아닐까 하는 생각이 드네요 ㅎㅎ,1
BMW,5시리즈,그레이 색상은 무슨 보정앱으로 사진 조작한 본체위에 컬러가 떠있는듯 입체적인 느낌 괜찮네요,1
BMW,5시리즈,진짜 뒤지게멋지다,1
BMW,5시리즈,이분은 그냥 모든차가 다 좋음 확실히 깔건 까고 좋은점은 확실히 어필해줬음 하내요,4
BMW,5시리즈,구간 단속 평균 속도는 HUD에 표기 됩니다. 정정이 필요한네요,15
BMW,5시리즈,530e 후기가 기대됩니다!!,1
BMW,5시리즈,영상미가 정말 멋집니다~!!!,3
BMW,5시리즈,"오 좋네요, 한대 질러야겠습니다.   ( 물론 3년뒤 감가 쳐맞은 제품으로 개꿀구입;; 많은 신차구입 바랍니다;)",1
BMW,5시리즈,당연 6GT 실키식스의 비엠을 맛봐야지,1
BMW,5시리즈,그래서.. E클 대신 5실을 선택해야 하는 결정적인 이유는 뭐일까요?,2
BMW,5시리즈,육지티 오너 입니다.  일반 승용보다 시트포지션 높은편인데;;  왜 시트높으로 까고 시작을 하시는지 이해가 잘 안되네요. ㅎㅎ ( suv 탑승 후 차량 받으셨나;),2
BMW,5시리즈,지금 나오는건 20년식인가요 21년식인가요? 20년식이라면 21년식으로 변경될때 옵션에 변동이 있을까요?,1
BMW,5시리즈,색감 지린다,1
BMW,5시리즈,가변 배기를 소음과 연관시키는 뇌피셜... 당신을 우주최강으로 임명합니다.,2
BMW,5시리즈,김한용 만세ㅋㅋㅋㅋㅋ 귀엽네융 좋은 리뷰 감사합니당,2
BMW,5시리즈,5시리즈 파란 아이라인 너무이쁨 ...,25
BMW,5시리즈,차나 시계나 2인자가 더 끌리는 건 뭐지시계는 롤렉스보단 오메가차는 벤츠보단 비엠마이너 감성인가..암튼 비엠이 답이다!!,3
BMW,5시리즈,640i 오너인데요6GT 뒤에 날개 실제로는 110때 펼쳐집니다.ㅎㅎ,11
BMW,5시리즈,아 이거지... 이차는 이 한마디로 끝나네요.,1
BMW,5시리즈,7:55 왠지 친숙한 진실의 막대기ㅋㅋㅋㅋㅋ,20
BMW,5시리즈,안드오토 카카오내비도 평균속도 안알려주는데 뭐.티맵 언제나오냐... 빨리 갈아타고싶다,2
BMW,5시리즈,아니 이 형님은 도대체 잠은 주무시는 거임? 하루에 뭐 영상이 두 개씩 꼬박 꼬박 올라와; 카메라맨이랑 프로듀서들도 힘들겠어요; 건강 챙기면서 하세요.,1
BMW,5시리즈,중고 520D 외판 뼉따구 문제없는 18만km 1인신조 개꿀 호구,7
BMW,5시리즈,뭐야 진실의 막대기 카와우 ㅋㅋㅋ,3
BMW,5시리즈,유튜브에 우리 동네가 나오는건 첨이라 흠칫했다가 신기하네..ㅋㅋ,1
BMW,5시리즈,경기도 광주네요 저희집 앞이 창문 옆으로 지나가는 걸 보니 반갑네요 ㅎㅎ,1
BMW,5시리즈,4:10 김한용 만세 ㅋㅋㅋㅋㅋㅋㅋㅋㅋㅋㅋㅋ,4
BMW,5시리즈,6시리즈 GT 현실 드림카 입니다 ㅠ,10
BMW,5시리즈,번창하세요!!!,2
BMW,5시리즈,와 엔진소리 ㅗㅜㅑ,1
BMW,5시리즈,개인적으론 엠쥐때문이라도 벤츠사고싶은데 풀체인지된 페밀리룩이 뭔 시펄 중국 1큰술 현기 1큰술 뭐여 s시리즈보고 진짜 기겁함....,1
BMW,5시리즈,6시리즈 GT 사야겠다,1
BMW,5시리즈,구간단속 평균속도 안알려주나요?? 17년 320d도 나오는데....,1
BMW,5시리즈,김한용 기자님 볼보빠 아니셨나요? 이전 영상에서 항상.. 그런대 BMW는 아직도 오디오는 구려요 ㅠㅠ,1
BMW,5시리즈,5gt. 6gt 뒷자리 지림,1
BMW,5시리즈,"비엠은 처음부터 스포티가 주력이라서 큰 문제 없는데, 벤츠는 안해보던 스포티 할려니까 자꾸 근본없는 디자인만 냄ㅋㅋ",4
BMW,5시리즈,bmw 오너 인데요 .. 주차중 전방 카메라가 않나오는 현상도 강원도병과 관계가 있을까요? 소프트웨어 문제 인듯 한데 도와주세요,1
BMW,5시리즈,모카 페리 기달렸는데 이제야 업로드됐네요,2
BMW,5시리즈,영상 잘보고 갑니다. 여기도 불편러들 넘 많네요.. ㅉㅉ 지들 인생들이나 잘 챙기도댕기지...,1
BMW,5시리즈,진짜 이쁘다..,6
BMW,5시리즈,X6보면 콧구멍 커진거 겁나 포스있는데?왜 다들 취향차이를 뭔가 비엠의 단점으로 치부하시지?,1
BMW,5시리즈,역시차는 벤츠보단 비엠이지,23
BMW,5시리즈,스포일러가 간지인데 ㄱㅓ80km부터 펴져야하는거아니오,1
BMW,5시리즈,농담이시겠지만 6gt스포일러 펴지는거보면 신고하라니요 한번 펴지면 60이하가 되어야 들어가는데 80도로에 80가는데 펴졌으면 신고해야하나요? lci는 다른지 모르겠지만 110넘으면 펴지구요 버튼 눌러도 펴집니다 110고속도로 가면 무조건 펴지는데 신고당하겠네요농담으로 하신 말씀일텐데 6gt오너로써 신고당할까 살짝 걱정되네요,2
BMW,5시리즈,아니 답답한게 어느차던 획기적인 차아님 같은차면  시승이 비슷하지 예를들어 쏘나타가 10년 지난다고 제네시스90처럼 만들겠냐  시승이만족스럽게 좋을까 ㅋ 같아 어느 파워라인이든 ㅋ 와 장난아님 이러면너무좋다 그럼 개사기지 ㅋ 차라리 성능 외관에 ㅋ 설명좀,1
BMW,5시리즈,여름/겨울타이어 끼우는 마케팅은 일본의 빌어먹을 마케팅인데...  국내엔 4계절 끼워주라.,1
BMW,5시리즈,와 모카!,1
BMW,5시리즈,hud 소프트클로징 컴포트시트 이번에 옵션다빠졌잖아요 5시리즈ㅋㅋ 창렬임,1
BMW,5시리즈,차가 적당히 숨쉬게 나왔네~~,1
BMW,5시리즈,원래 꺼벙했던 Bmw gt인데 왜캐 달라졌어요???????,2
BMW,5시리즈,🚘😎👍,1
BMW,5시리즈,아무리 자동차 가격 몰라도 어떻게 5시리즈가 소나타 그랜져 가격인줄알어 ㅡㅡ,1
BMW,5시리즈,그래도 벤츠를 따라잡기엔ㅡㅡ,2
BMW,5시리즈,630i 좋다 ㅠ.ㅠ,1
BMW,5시리즈,쩝 풀옵션 트림도 같이 내주지,1
BMW,5시리즈,530i 옵션구림.540i 사야됨...이번에도 이클한테 개발릴듯....,1
BMW,5시리즈,근데요 김한용기자님은 요즘 왜 시승행사때 뵙지를 못하는거죠?어디 밉보였나요?,1
BMW,5시리즈,4:07  폰트가 GTA5 글씨체네요...ㅋㅋㅋㅋㅋ,26
BMW,5시리즈,삼성이 만든 하만카돈 제품이 탑재 되었군요,3
BMW,5시리즈,2:17 이거지 진짜!,3
BMW,5시리즈,아니 맷 왓슨 전설의 짝대깈ㅎㅎㅎㅋㅎㅎㅋㅎㅋㅎㅋㅋㅎㅎㅋ,7
BMW,5시리즈,16:39 아 그렇구나15:55 170....?,1
BMW,5시리즈,제발 부탁이니... 콧구멍 이때로 가자... 신형 M3 M4 그 놈의 콧구멍...,33
BMW,5시리즈,플러그인 트렁크 좀 열어주시지...,1
BMW,5시리즈,김한용 기자 임백천씨 닮았네요,1
BMW,5시리즈,9:47 6GT,1
BMW,5시리즈,고속도로 순찰대 고맙습니다 날개가 펼쳐지면 ㅇㅋㅇㅋ,1
BMW,5시리즈,이경규님인줄 알았네여 ㅋㅋ 잘봣숩니당,1
BMW,5시리즈,5시리즈 뒷자리 패밀리카로 어떤가요 3식구 입니다,2
BMW,5시리즈,네?? G80 이 좋은차라고 생각하신다고요?????? 해도해도 너무 하시네요!!!!! 진심이십니까??  묻고싶네요,3
BMW,5시리즈,일욜에 고생이 많으심,1
BMW,5시리즈,돈받은차라 그런가? 차단점얘긴 거의 안하네요.  칭찬이야기가 이어지네요. 이분이야기 별로 신뢰 안가네요....,3
BMW,5시리즈,630은 디튠이라 그래요,1
BMW,5시리즈,이거지~할때 특히 성시경 닮음,3
BMW,5시리즈,저기에 기아마크 달면 껄껄껄..,1
BMW,5시리즈,와!,1
BMW,5시리즈,굳이 차에서 왜 자는거지? 불변해서 잠이 오나? 잠들어도 계속 깰거 같은데...,1
BMW,5시리즈,시승장소를 강원도로 ㅋㅋㅋㅋ,1
BMW,5시리즈,카 와우,1
BMW,5시리즈,맷왓슨!!!!!!!,1
BMW,5시리즈,애플 CarKey 지원되나요?,2
BMW,5시리즈,4:20 광고에선 폼나지만 내가하면 이상함,1
BMW,5시리즈,왓슨형ㅋㅋ,7
BMW,5시리즈,형 왤카 늦었옹 기다렷옹,1
BMW,5시리즈,저랑이름이똑같은분이 bmw에,1
BMW,5시리즈,Carwow,2
BMW,5시리즈,29:18,4
BMW,5시리즈,헐 선우정아 아시는군여,2
BMW,5시리즈,Bmw > benz 인정하면 좋아요,25
BMW,5시리즈,30:00,4
BMW,5시리즈,한용기자님,1
BMW,5시리즈,2:16  이 거지...,8
BMW,5시리즈,2:50 역주행 아니시죠????,1
BMW,5시리즈,1:29 모카 색까 (?),2
BMW,5시리즈,630i 기존 6기통에서 페리되면서 4기통으로 바뀌지 않았나요?,1
BMW,5시리즈,소음이...,1
BMW,5시리즈,2:16 이 거지 진짜???  거지??,1
BMW,5시리즈,이 형 살쪘네,2
BMW,5시리즈,광고가 켁 ㅡㅡ 그지인가?,2
BMW,5시리즈,오~~,3
BMW,5시리즈,아라보자,3
BMW,5시리즈,1?,1
BMW,5시리즈,두둔탁.,1
BMW,5시리즈,결론은 제네시스 가👉  엄청더 더 더멋있구럭셔리 해 보인당께 ㅋ대한민국 차  만세 👍하루빨리👉한국이 세계1위로 되길✌,3
BMW,5시리즈,역주행하면서 찍는거 거슬리네왜 위험부담을 감수할까불편충들 존나 많은데,3
BMW,5시리즈,GT 못생긴 고급차의 대명사,1
BMW,5시리즈,이번 BMW 5시리즈 뒷모습보면 정말 예술이던데... 라이트가 정말 아우디 급으로 좋아진듯👍👍👍,32
BMW,5시리즈,"두차량 모두 좋은 차 이고 성향의 차이라고 보이네요예상외로 서킷주행 테스트 5시리즈보다 e클이 좀 더 좋은 성능이 나왔습니다.",7
BMW,5시리즈,디자인 그렇게까지 보는편은 아닌데 비엠 뒤 디자인은 이번에 진짜 잘나온듯,7
BMW,5시리즈,bmw가 운동성과 디자인이 벤츠보다 좋은데분명 비엠도 좋은차지만 벤츠의 삼각별을 무시할수 없으니..예전 멕라렌x벤츠처럼 한번 더 콜라보 해줬으면 좋겟당,5
BMW,5시리즈,벤츠가 비엠보다 많이 팔리는 이유는 아내에 입김이 크다는 얘기가 있더라구요... 실내는 확실히 여성분들이 벤츠를 선호하더라구요 6세대때도 5시리즈 lci는 비엠이 잘 팔렸었었는데 내년 판매량이 기대되네요...,18
BMW,5시리즈,Bmw와 벤츠   주행성능이 달라서 비교가 딱 되서 좋네요,3
BMW,5시리즈,"5년 11만된 디젤차 있는데, 관리만 잘하면 아직 조용하네요~",8
BMW,5시리즈,안녕 하세요..전 대구에 사는 50대  김대영 입니다..우파님의 리뷰를 자주 시청을 하는데 우파님의 리뷰로 어떤차를 구입할지 이제는 답이 서서히 보여집니다..리뷰 즐겁게 웃다가 또 신중히 보다 와이프 에게도 이차는 어떤지 저차는 어떤지 많이 우파님을 통해서 서로 애기도하며 웃곤 한답니다..아무튼 감사히 리뷰 잘보고 있습니다..감사 합니다...앞으로 더발전하는 우파님이 되길 빌어봅니다..저도 구독자 입니다^^,11
BMW,5시리즈,오 리뷰 확실하네요~~깔끔하게 잘봤습니다^^수고하세요^^,2
BMW,5시리즈,외관은 둘 다 예쁜데 실내는 진짜 벤츠가 너무 잘만들긴 하네,2
BMW,5시리즈,24:20 진짜 공감 ㅎ악셀링에 느낌..우파님 설명 대박 👍,12
BMW,5시리즈,벤츠E W213 시트포지션이 살짝 틀어져있어서 2시간 넘는 장거리주행시 허리 아프더라고요. 개선이 되었나 모르겠네요. E60이나 f10(좀 가볍지만) 그런게 없어서 장기보유할만 했는데...G30은 누유나 슬러지문제가 잡혔는지가 궁금합니다. 운전재미와 코너돌아나가는거 앞좌석 중심 헤드업은 BM 직빨 뒷자석 중심 패널 해상도는 벤츠 오됴는 둘다 그닥 하차감은 둘다 예전같지 않고 코딩은 BM이 할게 좀 더 있는것 처럼 보이나 iphone연동기능이나 레트로핏은 벤츠가 괜찬고. 골래기 힘들어요. 영상으로는 뭐가 더 괜찬은지 판단하기 어렵습니다.,1
BMW,5시리즈,"Bmw3gt 타다가 x6로 넘어갔습니다. 그전에 gt 창원 서울 왕복 주유비 5만원 나왔습니다. Bmw  gt3  5년 타면서 느낀점 괴물입니다. x6구입하기전 먼저 벤츠, 재규어 시승해보고 별 감흥을 느끼지 못했습니다. 저의 운전 스타일이랑 맞지 않는거 같고..x4 디자인에 반해서 구입하려다가  어찌저찌 하다가 할인율 이리저리 따져보고 시승도 안하고 x6 질러버렸습닏다. 첨 x6 타면서 왜 내가 1억짜리 차를 샀지?? 의문감도 가졌습니다. 달달히 나가는 리스료 부담되고 그냥 5시리즈 나 x4 살걸 후회도 했습니다.  최근애 여행이나 사고 때문에 렌트카를 많이 운전했는데.티볼리,k5.7, 소나타,  k5, 제네시스...티볼리 개쓰레기, 소나타 쓰레기, 그나마 k5 신형이 승차감이나 개인적으로 좋았고 제네시스는 어라...고급차가 왜이리 변속 충격이 심하지.??라고 느꼈습니다. 여러 차 겪어보고  X6를 1년 넘게 타보니 진가를 알게되었습니다. 디자인 그런거 신경 안씁니다. 그냥 믿고 타는거고 한 차종 1년 이상 타면서 주행성능을 이야기 하는건지 궁금하네요..",7
BMW,5시리즈,진짜 대박 리뷰다 !!!,2
BMW,5시리즈,"이번 e클은 압도적으로 익스가 인기가많아요디자인, 옵션 전부 익스 몰아주기 인데아방으로 비교해서 아쉽네요이번 아방은 할인 많이해도 인기없어서 차가 남는다는군요반면 익스는 할인이 적어도 대기 걸릴만큼 인기가 많은데,유튜버들은 익스 모델 리뷰를 잘 안해서 아쉽네요",6
BMW,5시리즈,고속도로에서 느낀 공감 ..마자요! 벤츠는 여유롭게 운전하지만.. 추월많이하는 비엠을 많이본거 같아요 벤츠 운자분들은 제가 왠만하면 다 추월하지만 비엠 운전자들은 저를 추월해가요,13
BMW,5시리즈,실내디자인과 고급스러움 삼각별 마크등 벤츠도 좋긴한데 비엠의 주행이나 외부디자인을 보면 개인적으로 비엠승,3
BMW,5시리즈,bmw는 그냥 블랙시트 가져와서 내부가 좀 떨어지는 것처럼 보여진듯. 이번에 5시리즈 꼬냑시트 이쁘게 잘나와서 인테리어 꼬냑시트로 선택하면 벤츠 못지않게 이쁨.,5
BMW,5시리즈,"볼보 S60,90도 같이 비교했으면하는 아쉬움이 있네요.",1
BMW,5시리즈,벤츠 실내는 진짜 지리는데...외형은 무슨 아반떼와 소나타를 적당히 섞어버린 모습임 벤츠만의 간지가 사라져버림,20
BMW,5시리즈,크으으으 갖고싶은 차 두대가 모두!!!!! 현실은 그림으로만 😭,6
BMW,5시리즈,디자인은 BMW가 좀더 끌린다....... 옆으로 살짝 더 퍼져있고 라인도 더 예쁜듯 BMW승!!!,106
BMW,5시리즈,무슨일인지는 몰라도 벤츠 디자이너팀은 벤츠경영진과 원만한 합의가 있기를 바랍니다,120
BMW,5시리즈,비교 리뷰 너무 조아요,1
BMW,5시리즈,앗 제가 언급이되다니 ㅋㅋㅋ역시 리뷰를 훨씬 잘하시는군요🤟,288
BMW,5시리즈,g80 보다 노면에서 안좋은건 눌러주는 느낌이 덜한다는데 노면이 미끄러울때만 무거운게 더 좋다는 건가요?,2
BMW,5시리즈,만약 e클 5시리즈 둘다 외관 성능 다 그대로 두고실내외 엠블럼만 두대다 현대or기아로 바뀐다하면 판매량이 어떻게 될까한쪽은 급락하고 한쪽은 큰차이없지않을까 싶다ㅋㅋ,7
BMW,5시리즈,여성 비머오너인데 성향탓인지 모르겠지만전 메르세데스보단 비머가더 좋습니다.운전이 진짜 너무 재밌어요.자꾸 차끌고 나가고 싶습니다실내도 자주 바뀌는 것보다 한 디자인으로 쭉 가는것도 좋은거같아요.그 회사만의 느낌이느껴져서요.,1
BMW,5시리즈,530i e250 연비비교 12대 10.1 520i는 12.4입니다. 자율주행도 비엠 낫다는 의견이 대세입니다.  E250은 hud 빠짐.,2
BMW,5시리즈,벤츠 실내 디자인 너무 이쁘다,4
BMW,5시리즈,"BMW 가 이번에 디자인이 너무 이쁘게 나옴,,그래서 굳이 고르자면 비엠",3
BMW,5시리즈,개인적으론.. 옵션이랑 할인 생각하면 5시리즈가 낫고 나머진 e클래스가 나은듯..,2
BMW,5시리즈,3시리즈 c클래스도 비교해주세요!!,4
BMW,5시리즈,"서라운드뷰,고스트도어,원격시동,썬블라인드는 정말 아쉽다... 내년 옵션을 기대..",3
BMW,5시리즈,외관은 비엠 실내는 벤츠 주행은 취향,61
BMW,5시리즈,페리 전 e250 차주인데 이번 껀 5시리즈가 훨신 좋아보이네요,7
BMW,5시리즈,우파님 나중에 재뻘님+카진성님 트리플 콜라보 방송 같이 해주세요 진짜 보고 싶음,4
BMW,5시리즈,1년전까지만해도 이클이엿는데 신형나오고 생각이바뀜 ㅎ,13
BMW,5시리즈,이클래스는 가장 많이 팔리는 E250 EX(익스클루시브)도 아니고 옵션 별루 없고 가장 가격이 저렴한 E250 AV(아방가르드)하고 530i msp와 비교하는 게 맞나요? 520i가 아닌 530i와 굳이 비교할꺼면 최소한 530i와 실구매가가 비슷한 E250 EX와 비교해야지요. 같은 E250도 EX와 AV하고 옵션은 둘째치고 인테리어만 봐도 고급감에서 꽤 차이 납니다.,1
BMW,5시리즈,bmw빠돌이로써 이번 5시리즈는 넘 이쁘고 출력 등등 좋네여. 이번벤츠도 좋은데 진짜 개인적으로 디자인이 아쉽네여.bmw싸랑한다.....1억미만 차중 530i or 540i갖고싶네여,3
BMW,5시리즈,이번 5시리즈 존나게 잘나온거 같다,51
BMW,5시리즈,"드레스 코드가 스트릿이다 -> BM드레스 코드가 댄디룩, 혹은 세미정장이다 -> 벤츠차 좋은건 BM이 맞는데, 퇴색되었다지만 여전히 벤츠는 벤츠",10
BMW,5시리즈,"5씰,e클,,둘다,프리미엄차입니다~개인취향에따라구입하시면좋겠네요~국산차들이,너무비싸져서,,하차감도없어지구있구요~~용호상박!!!",12
BMW,5시리즈,250 익스 가지고 와서 비교해야되는데 아방은 너무 엔트리급이라 옵션에서 너무 밀림,12
BMW,5시리즈,길에서 실제로보면... BMW는 흰색 별로인듯 유색은 이쁘더라구요ㅎㅎ영상으로보는것과 길에서 실제로보면 모두 포스가 다름..,2
BMW,5시리즈,벤츠디자인은 보면 볼수록 호감이 가던데 ㅎㅎ 나중에 가면 진가가들어날 듯 ㅎㅎ,5
BMW,5시리즈,둘다 타지만 5시리즈가 젊은분들한텐 더 맘에 드실듯 재미있어요 엔트리라도,52
BMW,5시리즈,외관은 호불호가 있을듯하나 실내디자인은 벤츠 압승이네,3
BMW,5시리즈,5시리즈vs E클 이건 못참지ㅋㅋ이번 페리대결은 5시리즈에 한표!,5
BMW,5시리즈,취향따라 가겠지만 외관은 BMW 압승~벤츠는 점점 산으로 가다 중국까지 갔음실내는 벤츠가 압승~ 너무 고급스럽다~,12
BMW,5시리즈,이클 길바닥에서 슬슬보이는데 이전의 포스가 다 사라짐 ㅜㅜㅜㅜ,49
BMW,5시리즈,전 E300 아방이 페리전모델(19년식) 타고 다니는데 실내이쁘고 승차감 갠춘하고 만족도 높게 잘 타구 다녀요~~ㅋㅋ,5
BMW,5시리즈,무조건 bmw 5시리즈.. 간지와 운전의 재미를 위해,45
BMW,5시리즈,두차 달리는것은 잘하는데 제동은 벤츠가 더 좋을거에요,1
BMW,5시리즈,47초전은 못 참지 ㅋㅋ이번 세대는 내 기준 bm 압승...,85
BMW,5시리즈,차알못인 제가보기에는 외관은bmw가멋있어보이고 실내는 벤츠가멋있어보이네요,1
BMW,5시리즈,운전은 비엠이 훨씬재밌고 스포티합니다 실내도 중심잘잡혀있고,3
BMW,5시리즈,비엠타면 밟고 싶은거 인정입니다 ㅋㅋ 반사적을로 엑셀을 밟게 되요 ㅋㅋ,7
BMW,5시리즈,거의 모든차 엎에서 보는 기준 왼쪽 범퍼에 네모난게 붙어있는데 그것의 용도는 무엇인가요?,1
BMW,5시리즈,530i Luxury는 훨씬저렴하겠죠? 할인후 딱 6000에 살수있으려나요?,4
BMW,5시리즈,동일 가격대면 비엠이 더 끌리네여..,1
BMW,5시리즈,개인적으로 비엠이 훨씬 좋다...,66
BMW,5시리즈,벤츠e클...차량디자인이랑 휠디자인이 눈을 의심하게하네요.삼각별없었으면 진짜 안살듯하넹,6
BMW,5시리즈,그래도 5시리즈가 좋네ㅎㅎ,20
BMW,5시리즈,벤츠를 더 좋아하지만 확실히 비교하니 BMW가 좋아보이고 멋있네요....그럼 뭐해 현실은 현기차에서 못벗어나는데 ㅠ.ㅠ언제한번 외제차 타보냐 ㅠ.ㅜ,1
BMW,5시리즈,역시 벤츠 걱정은 흉기가 할게 아니였다ㅋㅋ,7
BMW,5시리즈,"언제부터 이클이 전세계 라이벌이었찌,,,",1
BMW,5시리즈,실내는 벤츠가 넘사다..... 실내 너무 이쁘다.....,13
BMW,5시리즈,왜 항상 국내차 vs 외제차 비교하면국내는 풀옵 vs 외제차는 적당한 옵션 으로 비교 하는지 궁금ㅋㅋ,2
BMW,5시리즈,벤츠19년식 e300e 차주입니다이지액세스기능 별로네요 시동끄면 핸들등받이 움직이는데 시트는 뒤로 안갑니다항상무릎으로 핸들 찍고 타고내리네요 서비스센터는 제모델차주들이 다그런다네요 답이없다하니 그려러니 타고 다녀야겠어요,1
BMW,5시리즈,e클 첨엔 이상하더니 점점 괜찮아 보이는 이유는 뭐지....,9
BMW,5시리즈,아우디도 꿈틀꿈틀 기어와야할텐데,1
BMW,5시리즈,벤츠랑비앰은 아빠가좋아 엄마가좋아랑 비슷하지만 어차피 차는 운송수단.. 고로 비앰이짱,2
BMW,5시리즈,"페리전에는 E클, 페리후에는 5실",31
BMW,5시리즈,벤츠 좋아하는데 이건 비머가 낫다고 생각함.. 디자인도 디자인인데 실제 성능이나 옵션 부분에서 벤츠가 좀 뒤처지는듯,8
BMW,5시리즈,E클래스는 큰마크말고 작은 마크가 예쁜데,7
BMW,5시리즈,계속 보다가보니까 e클 훨씬 세련되고 고급스럽긴 하네 이쁘긴 이쁘네,26
BMW,5시리즈,와 같은 중형세단인데 같은급으로가면 400이나 차이나네 역시 벤츠 비싸..,2
BMW,5시리즈,이번 페리대결은 무조건 비엠이라고 생각함,207
BMW,5시리즈,G80 vS E클래스해주세요.G80 VS 5시리즈(신형)도해주세요.,1
BMW,5시리즈,엊그제 알아봤는데 520i 할인 다 때리고 6900정도던데 5500은 어떻게 나오는 가격이죠?,3
BMW,5시리즈,둘다 타봤는데 차는 비엠 윈 실내감성은 벤츠 윈이였어요,3
BMW,5시리즈,x3 vs glc도 부탁드립니다~~~~~~~==,2
BMW,5시리즈,딱 결론 지어드림 운전의 재미와 풍부한 옵션 들어가있고 괜춘한 디지인을원한다면 BM이고 주변의 시선과 삼각별의 감성을 느끼고싶으면 벤츠 타셈,2
BMW,5시리즈,정확히 말해야지 차값은 다르지만 보험료랑 새금차이가 있는데,3
BMW,5시리즈,페리전 벤츠 아방이 레전드였다고 본다,24
BMW,5시리즈,뇌이징이 된건가.. 여전히 벤츠는 벤츠다ㅜ 근데이번 비엠이 너무 잘 나옴 ㅋㅋ,3
BMW,5시리즈,대단하시네요,1
BMW,5시리즈,신형벤츠 도로에서 오늘 봤는데 생각보다 이쁘더라구요 😭😭👍🏻❤️,17
BMW,5시리즈,"벤츠 이번 디자인완전 폐급인데,삼각별 하나가 주는 이미지가 워낙크다.이번거 디자인으로는 BM이 씹압살함",1
BMW,5시리즈,"개인적으로 비엠이 더 좋다고 생각함,,",78
BMW,5시리즈,"다들 점점 외관 디자인 왜 이렇게 가니ㅠㅠㅠㅠ코엠더브유, 망(둥어)츠...",12
BMW,5시리즈,외관 비엠 실내 벤츠 딱 끌립니다 ㅋㅋ,3
BMW,5시리즈,내부는 이클 외부는 5 그냥 디자인만 봤을 때,1
BMW,5시리즈,근데 이번 디자인은 되게 BMW가 멋있지 않음?,33
BMW,5시리즈,15:02 ㅋㅋㅋㅋ카진성님 0.5초 빙의 ㅋㅋㅋㅋㅋㅋㅋ,60
BMW,5시리즈,20후반~30중반 벤츠 비엠 뭐 추천하나요 둘 다 어울리는지..,3
BMW,5시리즈,차가 아무리좋아도 디자인이 별로면 난 정이 안가더라,12
BMW,5시리즈,머리는 bmw 마음은 벤츠이성은 bnw 감성은 벤츠,10
BMW,5시리즈,S8l도 시승기 해주세요,2
BMW,5시리즈,잘봤습니다. 하지만 비교한 e클래스 5시리즈는 오히려 gv70의 구매욕을 올려주는것 같네요 실내 소재부터 출력부분도 그렇고....5시리즈는 페리 후 외관이 좋아졌지만 실내는 진짜.... 이제 e클래스 실내는 너무 질리는듯 glc x4비교시에는 고려해볼만한 비교였으나이번편은 gv70 압승같네요 2.5모델로 6000 중반까지 맞춘다는 가정하에,3
BMW,5시리즈,"솔찍히 두 차량 모두 좋은차량이고 어디 옵션만 떡칠한 휘청거리는 현대 제네시스가 비빌차량은 아니라고 말씀드리고싶네요.현 벤츠E300차주이지만.BMW5시리즈 확실히 좋은차입니다 시승도해봤고가계약까지했던 사람이니까요. 개인적으로 실내도 맘에들었으며 내외관및 주행느낌도 너무 인상깊었습니다.디지털 키도 마음에 끌렸고전 BMW오너가 될거라확신했지만..집사람 의견과 여럿 부가적인 사항때문에 최종적으로벤츠E300을 갖게되었죠. 마음같아선 두 차량모두 다 소유하고싶을정도였습니다..^^차가사람을 만든다고… 펀드라이빙,와인딩 쏘는거 좋아하고 스피드도 즐기는사람이였는데 벤츠타면서 젠틀한 주행, 양보하는 제모습을발견하게되었습니다.워낙 두차량모두 지향하는 아이덴티티 슬로건색깔이 다르다보니.. 어느차가 더좋다확답을못드리겠네요. 하지만 확실히 말씀드리고싶은건요“돈없어서 벤츠 엔트리탄다?” 이런말씀하시는분들께 한말씀드리고싶은건… 할인폭 쥐뿔도없는 벤츠, 평균 공식할인폭이 많아봐야2~300만원…BMW로 눈길돌렸으면 할인받아서 530i 정도는그냥 뽑았습니다. 분명 두차량 모두 명차고 라이벌관계이며🇩🇪매력적인차량이죠.근데요 할인폭이 그만큼 적더라도 벤츠 계약하시는분들…정작 벤츠오너되본 입장에서 그이유를 알겠다란 이말씀드리고싶었습니다.아울러, 라이벌이 있기때문에 둘다 발전&성장해나간것이고숙명같지만 멋진 현재의 두 브랜드가있는게 아닐까요?라이벌이란 구도가 있었기에 두 차량모두 프리미엄이란 위치를 벗어나 더더욱 빛을 발하는게아닌가싶습니다.",5
BMW,5시리즈,실외 bmw  실내 벤츠국산으로 치면벤츠 = 현대BMw = 기아 느낌이네요,1
BMW,5시리즈,E클래스는 무조건 220d가 제일 이쁨,1
BMW,5시리즈,근데 정말 국산차만(제네시스/벨N 이런 차종 제외) 탔던 사람이 520d나 e 220d만 타봐도 신세계임 잘 나가고 잘 돌고 잘 서는게 아예 틀림 뭐 맨날 2.0디딸이라 넷상에서 까이는 차들이지만 ....그 중 준다고 하면 절 할 사람 많으면서 까는게 너무 웃김,6
BMW,5시리즈,"그냥 비엠 완승디자인 옵션 등등 승차감은 개취니,,,,",19
BMW,5시리즈,520i 선루프 없는 풀옵션 얼마정도 할까요? 프로모션 다 받아서요 대충.,1
BMW,5시리즈,350 amg line 은 진짜 이쁘더라..,2
BMW,5시리즈,아무리봐도 5시리즈 승,1
BMW,5시리즈,현재 둘중에 하나살껀데 추천좀 부탁드릴께요 99년생에 지금은 G80 오너입니다 540i나 E350중에서요,1
BMW,5시리즈,5시리즈 되팔때 감가 D짐,2
BMW,5시리즈,15:02 개 쌉소리구요 너무 찰지십니다,1
BMW,5시리즈,5시리즈 존예됐네 ㄷㄷ 개이쁘다,2
BMW,5시리즈,형 말 들어라. 이거슨 진리다.S클 > 7시리즈5시리즈 > E클3시리즈 > C클,3
BMW,5시리즈,"그래도 벤츠 매니아는 벤츠로 감실물 보기 전엔 나도 벤츠 외관 비호감이었는데,실물을 직접 보니 사진 및 영상과는 천지 차이였음",4
BMW,5시리즈,그 와중에 아우디는 웁니다😢😢아우디 : 독일3사인데 나는 왜 빼!!!,6
BMW,5시리즈,그냥 BmW 개 압승임,1
BMW,5시리즈,국산차가 비싸서 2021 bmw 530i xdrive msp샀어요 현찰가 8060에서 프로모션 900받고 취등록세 +500 차량 전체 ppf 540(루프 검정색)  틴팅 후퍼옵틱 프나세+130 들었네요 돈 없어서 외제차 샀습니다요,2
BMW,5시리즈,오늘도 소외받는 아식이...,1
BMW,5시리즈,1억 언더는 역시 비엠 본인도 5디딸 타고 다니는데 나름 만족,3
BMW,5시리즈,차 관심없는 사람들은 bm이 경박스럽게 나간다고 싫어하기도 하더라구요,2
BMW,5시리즈,삼각별을 갖고 싶은데 운전은 비엠으로 하고싶은맘 이상한가요;;,1
BMW,5시리즈,"벤츠는 감성, 차량도 감성 ,",5
BMW,5시리즈,이번 e350은 운동성마져 비엠을 이겨버림김기태기자마져~~ 인정해버림,4
BMW,5시리즈,A6는 없네근데 솔직히 제네시스가 거리에 많을까?아님 저3사 각자가 많을까보면우리지역은 3사 각자가 더 많음...ㅋㅋㅋ,4
BMW,5시리즈,24:20비엠은 미친 초반가속을 자랑하고벤츠는 미친 후반가속을 자랑한다결론 : 둘다 장단점이 있고 빠르다,4
BMW,5시리즈,e클은 5시리즈한테 안됨..,11
BMW,5시리즈,원래 무조건 벤츠였는데 이번 디자인만 보면 난 BMW,15
BMW,5시리즈,판매대수보면 벤츠 승..  실 구매여력 있는 사람들은 벤츠를 더 선택 한다.,13
BMW,5시리즈,530i msp 고려중입니다.벤츠는 제가 거부감이 들게된 사건이 있습니다.,1
BMW,5시리즈,디자인 거지로 가도 이클은 항상 판매량이 말해준다...... ㅋ530 살돈으로 대부분 익스 아방가는게 현실 ㅜㅜ저역시 아방 vs 비엠 530 중에서 벤츠선택..실제 구매 오너입니다..,2
BMW,5시리즈,전 외관도 벤츠가 이쁜거 같아요ㅋㅋ,1
BMW,5시리즈,벤츠는 실물이 더 이쁨,7
BMW,5시리즈,아..괜히봤다 더고민된다ㅋㅋㅋㅋㅋㅋㅋ그래도 비엠가야겠지..,1
BMW,5시리즈,벤츠가 드렁크 경박스럽게 열리네 처음에 전동 트렁크 아닌줄,1
BMW,5시리즈,와.... 순간이동 대박.,1
BMW,5시리즈,G80과 차이가 있나요,1
BMW,5시리즈,네비가 2천년대 초반? 그때는 GPS셋탑시절이다.,1
BMW,5시리즈,E63  과 M5 를 했어야...,1
BMW,5시리즈,5시리즈는 차그지들 땜에 이미지가... 이제 누구나 다 BMW 는 할인폭탄 으로 사는차 라는걸 알기에 어차피 마크빨로 탄다면 벤츠가 원탑... 두차모두 여유로운 뒷좌석 공간이라는 말은 좀 오바네요 작습니다,3
BMW,5시리즈,"비엠디자인에 벤츠마크 붙어 있었으면남편도좋고, 와이프도 좋아했을텐데벤츠디자인에 비엠마크면...ㅋㅋ;*100",2
BMW,5시리즈,우리 7시리즈는 아직도 내비 뭣같이 작은데^^,1
BMW,5시리즈,도로에서 보면 삼각별이 너무도 거대해서 외관은 별로 같음..,1
BMW,5시리즈,벤츠 조수석 벨트가 끼워져있는걸보니 탑승자안전벨트미착용아닌가요?..,2
BMW,5시리즈,난 아우디  요즘은 아우디 많이 좋아짐  이쁜것도 아우디가 휠이쁨,4
BMW,5시리즈,다음차는 비엠가봐야지...,1
BMW,5시리즈,아방가르드는 그냥 믿거.. 익스클루시브 가져왔으면 비벼볼만했을텐데ㅎㅎ 그래도 비엠 승!,3
BMW,5시리즈,전 벤츠는 너무 길거리에서 많이 보이는 흔한디자인이어서 전 bmw,1
BMW,5시리즈,바보가 아닌 이상 7천 주고 독일차 가는 게 현대차 사는 것보다 낫다.,1
BMW,5시리즈,갠적인 생각인데 e클 인장이 저렇게 그릴가운데 박힌거 별로임...쿠페느낌남 e클은 월래 앞 본네트에 인장 박힌거아닌가? s클래스만그런가?,2
BMW,5시리즈,저번주에 둘다 시승했는데요.e250은 530은 물론 520이랑도 못 비빕니다.....시승해보시면 압니다....,4
BMW,5시리즈,"530i  실내 시트 와인색으로 하려면 개인적으로 해야되는건가요,,ㅠㅠ 아시는분들 있나요",1
BMW,5시리즈,이클 계속보고있어도 전 모델 아우라가 안보인다.전모델 이클 익스모델과 비교하면 ....정말 신모델 안예프네~~,1
BMW,5시리즈,이번 벤츠 솔직히 선넘었음 못생김의 수준의 선을 넘은 것 같아요... 내부는 예쁜데 외부는 좀 심하잖아요 저건 솔직히,65
BMW,5시리즈,벤츠왜케 맹하고 순하게 생김 ㅜ,33
BMW,5시리즈,E클은 AMG라인 그릴이 훨이쁨. E250 지못미 ㅜㅜ,4
BMW,5시리즈,벤츠가 훨이쁜데 비엠은 쫌만지나면 식상한디자인 내부는 비교대상도안되고 벤츠는벤츠네,1
BMW,5시리즈,멋집니다,8
BMW,5시리즈,벤츠 실내 디자인을 bmw로....,1
BMW,5시리즈,내 외관 모두 bmw가 낫네요 ... 근데 삼각별은 진짜 못참지,2
BMW,5시리즈,이번엔 bmw가 승이다,2
BMW,5시리즈,디자인은 일단 BMW가 압살하네,2
BMW,5시리즈,혹시 람보르기니 는언제 나오나요  기다리다 목빠지겠어요   힐러형 너무 좋아요,2
BMW,5시리즈,벤츠는 왜 디자인이 거꾸로 가는가 ...,1
BMW,5시리즈,외형만보면 비엠이 더 예쁘네,1
BMW,5시리즈,이번 모델은 비엠이 훨 이쁘당,2
BMW,5시리즈,제네스시 G80이 8천 넘는건 너무 심한거 아닌가국내에서만 파니깐 뭐 상관은 없겟다유지비나 as핑계 내세워서 호구들이 사니깐 얼마받던 상관은 없지,1
BMW,5시리즈,벤츠 이번에 재대로 너프먹었네~ㅋㅋㅋ,1
BMW,5시리즈,현대가 애국자 구만,1
BMW,5시리즈,벤츠가 이쁘긴 한데 저는 비엠..,1
BMW,5시리즈,"벤스 전동트렁크,테일램프,가짜똥꼬가 취약점이네.인테리어는 강점.",1
BMW,5시리즈,둘 중에 하나만 줘도 감사하겠습니다,1
BMW,5시리즈,2:46 bmw가 e클래스와 5시리즈 둘다 갖고 있다는 점!,4
BMW,5시리즈,외관 비엠승 실내 이클승주행 비엠승 승차감 이클승,15
BMW,5시리즈,이번 e클래스는 완전 실패작입니다  쇼바짧아서 싸구려 승차감에 외부 하체소음 작렬에  엔진도  디젤기준 풍부한 힘이 많이 부족합니다... 고속 안정성도 현기차와 비슷합니다.... 이런차를 6천이상 주고 사는건 정말 어리석습니다,1
BMW,5시리즈,외관은 비엠 실내는 벤츠인듯,1
BMW,5시리즈,S랑 7이면몰라도 E랑5는 BM이지,1
BMW,5시리즈,E클래스 저거 그릴 튜닝인건가요?? 신형인거 같은데 그릴이 다르네요,1
BMW,5시리즈,차:비엠이 좋음마크:벤츠가 좋음,1
BMW,5시리즈,저는 조용히 벤츠...에 따봉하나 드립니다 ㅎㅎ,7
BMW,5시리즈,무조건 벤츠,4
BMW,5시리즈,성능에서는 비엠에 못 비빔요 s는 넘사지만요,1
BMW,5시리즈,두차는 동급 아님실 가격차 꽤 남혼자 탈려면 bm가족 태울려면 mb끝,4
BMW,5시리즈,저는 게인적으로 벤즈가 더 조아요,3
BMW,5시리즈,둘이 같이가는 느낌 엘지와 삼성보는거 가틈,2
BMW,5시리즈,이번 씨를 c300 6700 이던데 이를 보다 더 비싸 ㅋㅋㅋㅋ,1
BMW,5시리즈,벤츠비엠 두기업다 세계인이 선호하는브랜드임 싸우지말어 물론 실제 벤츠비엠 오너들보다 국산차타는애들끼리 더 싸우긴함 ㄷㄷ,8
BMW,5시리즈,비엠의압승~~~,43
BMW,5시리즈,마세라티 르반떼 리뷰 해주세요,1
BMW,5시리즈,저 둘중에 선택하라면 난 BMW살것같다,1
BMW,5시리즈,아이고! 비엠이 훨씬 우람하네요,1
BMW,5시리즈,530i msp e350 amg line 갈등 중인데갈피를 못 잡겠습니다액스 드라이브나 4matic은 고속도로나 도심 위주 주행인데 필요 없을거같고 드림카가 m5인데 벤츠를 한번 타보는게 맞을까요?,1
BMW,5시리즈,"궁디는 비엠승, 인테리어 벤츠승, 면전은 무승부",1
BMW,5시리즈,이영상을 보고는 그랜저승차영상으로 간다,1
BMW,5시리즈,나치의 역사와 전통을 자랑하는 BMW와 벤츠 ㅋㅋ 역사가 깊은 만큼 그 시작엔 어두운 그늘도 있음. 도요타도 일본제국군의 그늘이 있죠,1
BMW,5시리즈,소나타는 비엠 그랜즈는 벤츠,2
BMW,5시리즈,저 넘사벽 기어봉 역쉬 베엠베,1
BMW,5시리즈,이러나 저러나 1억 이하는 비엠 이상은 벤츠,3
BMW,5시리즈,벤츠는 진짜 무슨일이 있던거임?중국이 손만대면 저리되나?,25
BMW,5시리즈,저돈이면 제네시스 가 훨 좋은데,1
BMW,5시리즈,와 비엠 저커타고 파네라이차면 진ㅉㅏ 남자지ㅋㅋ,1
BMW,5시리즈,전 둘다 이쁘네용ㅎㅎ,2
BMW,5시리즈,"벤츠, F1 winner~",2
BMW,5시리즈,"오늘도 어김없는 ""5스리즈"";;",5
BMW,5시리즈,ㅋㅋㅋ벤츠 싼티나는데.. 트렁크..  ㅋㅋ 아우디랑 비엠은 천천히 올라가는데 . .,1
BMW,5시리즈,개쌉소리구요 ㅋㅋㅋㅋ 카진성이랑 콜라보도 보고 싶네요 ㅋㅋㅋㅋ,2
BMW,5시리즈,닥 bm 일단 운전이 재밌음.. 일부로 스포츠성을 넣는거 같아요 갈증나게,39
BMW,5시리즈,벤츠는 1억미만차는 사는거아니다~ 다른차 사라~,4
BMW,5시리즈,벤츠가 다양한 시도를 하는거 같은데ㅔ 시도를 더 하면 망할듯,4
BMW,5시리즈,비엠이 제일 좋고 나도 비엠 530i삼,3
BMW,5시리즈,5랑e는 5  7이랑s는 s,1
BMW,5시리즈,밴츠 e클래스 450 가격은 어떻게 될까요? 할인 까지 합저서요 답장 부탁드립니다,1
BMW,5시리즈,엄지손가락넘기기? 손피고 싸대기 처럼하는거아닌가요 항상잘되던데 내가모르는기능인가ㅜㅜ?,1
BMW,5시리즈,비엠은 카푸어인 젊은애들이 넘 마니 끌고 다녀서 안 땡겨,4
BMW,5시리즈,벤츠 디자인은 갈수록 퇴보하나 휠도 별로네,1
BMW,5시리즈,난 저 두 세단탈바에 뜨끈하게 gv80탄다,1
BMW,5시리즈,한국에서 파는 벤츠는 중국에서 만들던데 그거 믿을만 한가??,1
BMW,5시리즈,제 차는 블루 카멜레온으로 부탁 드립니다 형님!,1
BMW,5시리즈,형차가2개이쁘다,2
BMW,5시리즈,차 얼마안하네5999만원만 모으면 살수있네 ㅎㅎㅎ,6
BMW,5시리즈,뱜은 남자답게 잘생겼네..벤스는 음....,1
BMW,5시리즈,진짜 죄송한데 벤츠 k3 닮은거 같아요...,15
BMW,5시리즈,진짜 g80살라했는데 요즘 현대가 하는짓 이슈 보면 차라리 그돈으로 bmw사겠다,2
BMW,5시리즈,E350디젤 첨엔 조용했다 5 년탔다 디젤은 디젤이다 시끄릅다마,1
BMW,5시리즈,영상 부분마다 데시벨 차이가 너무 심합니다. 좀 맞춰주세요 듣다가 귀나갈뻔함 ㄹㅇ,3
BMW,5시리즈,음.. 벤츠 실내는... 점점 중국화 되어 가는듯한 느낌...,2
BMW,5시리즈,Pact만 말할께!!중국에서 만들어 파는 벤츠 VS 독일에서 직수입 하는 비엠 어떤거 탈래??,2
BMW,5시리즈,벤츠야...디자인좀 그만 울궈먹고 새 모델 매놔라,1
BMW,5시리즈,실내 이클외관 5시리즈,2
BMW,5시리즈,솔직히 5시리즈는 30대 중후반 느낌 E클은 40대중후반느낌 ㅇㄱㄹㅇ,4
BMW,5시리즈,둘다 엄청 좁음 ..,2
BMW,5시리즈,6000만원....6000만원....그래....그래.....ㅜㅜ,2
BMW,5시리즈,디자인은 5시리즈 압승...벤츠 요즘 너무 못생김,2
BMW,5시리즈,벤츠 E 250 디자인 왜 이렇게 허전해보이냐 ㅋㅋ 비엠에 한표 ㅋ,1
BMW,5시리즈,벤츠 왜 k7을 따라가????,3
BMW,5시리즈,"중형급은 무조건 비엠 이지.. S와 7은 벤츠 압승 비엠은 5시리즈 중형급은 최고임,...",21
BMW,5시리즈,삼각별 못이긴다... 비엠은 실내때문에 안됨...,3
BMW,5시리즈,그랜저로 그냥 살아야지.,6
BMW,5시리즈,ㅋ pc상에는 bmw찬양~~실제로는 벤츠가 1등...결국 차못사는 븅신들은 무조건bm....실구매자는 벤츠라는애기ㅋ,2
BMW,5시리즈,우파님 왜 요즘에 람보르기니 이걸 만든다고 안하세요???????????,1
BMW,5시리즈,벤츠 라이트 깜빡거리는거 고장인가요 ?,2
BMW,5시리즈,비엠 개멋잇네 ㅗㅜ,1
BMW,5시리즈,Bmw 굿..,1
BMW,5시리즈,어............우리 벤츠가 왜 여기있지?아 나도 ㅇㅈ이다내가 제일 고민했지만 벤츠가 더 낳은것 같다그래서 차한데 뽑고 등이 빨게짐왜그럴까?!,3
BMW,5시리즈,좋네요,1
BMW,5시리즈,e클 하이에나 닮았음,1
BMW,5시리즈,비엠도 시트 꼬냑이나 아이보리 있는데 왜 촌스런 검정을 ㅋ,1
BMW,5시리즈,2:46 벤츠인데 비엠이라 하시네요ㅠㅠㅠㅠㅠㅠ,2
BMW,5시리즈,벤츠 헤드렘프가 BMW 그릴처럼 생겼어,3
BMW,5시리즈,2:47 에서 벤츠를 BMW라는건 나만 아나...,6
BMW,5시리즈,카페에서 재뻘님만나지않았나요?ㅋㅋ,3
BMW,5시리즈,아 .. 번외로 뭔가 제네시스 가격 좀 황당하다. 정말 저급이라 생각하는건가 ... 전략인가 ? 지금 처럼 황당해 하다가 사람들이 그가격에 사게만드는 ?;;,1
BMW,5시리즈,벤츠가갑임,2
BMW,5시리즈,차는 그냥 벤츠지 ㅋㅋㅋ,1
BMW,5시리즈,저는 벤츠 고르겠음,3
BMW,5시리즈,실내 이쁜게좋으면걍 닥벤츠고 운전재미좋으면 닥비엠이고 성향차이임나도비엠좋아하긴하는데 무지성으로벤츠까지마라 존나없어보인다,1
BMW,5시리즈,차는 bmw다,1
BMW,5시리즈,판매량은..ㅜ,1
BMW,5시리즈,요즘은 둘다 촌스러워보임 ㆍ불편하고 ᆢG80이 훨 더  좋아  보임 ᆢ살 예정,4
BMW,5시리즈,아실지 모르겠지만 미국에서는 벤츠 E 클래스나 BMW 5 시리즈에서는 4기통은 존재하지도 않아요.  비슷한가격에 기본으로 6기통부터 시작임. 한국고객이 얘네들한테 호갱당하는거임 ㅋ,3
BMW,5시리즈,벤츠 디자인 왜 저따구임? ㅋㅋㅋㅋㅋㅋㅋ,29
BMW,5시리즈,영상에서 나온 차량은 bmw유는 남자같고벤츠는 여성스럽다라고 해야하나?,1
BMW,5시리즈,BMW!!!,1
BMW,5시리즈,잘파시네,1
BMW,5시리즈,비엠승~~~~~,3
BMW,5시리즈,e클래스 앞에 생긴거 봐라ㅋㅋㅋ̊̈무조건 5시리즈네,10
BMW,5시리즈,벤츠 디자인 왜 저래...,2
BMW,5시리즈,"정말 아우디는 ""나가있어"" 네요;;;독삼사라고 했는데;;;",1
BMW,5시리즈,형이 딱 말해주께차는 벤츠다  그냥 닥 벤츠다 알겐냐?참고로 형 스파크 탄다🕺,3
BMW,5시리즈,현기시스 보다 훨싸네ㅋㅋ 유튜브 보면서 만드는거뿐 아니라 돋보인데 개거품 가격살바에 저 둘중 하나사지,1
BMW,5시리즈,저만 벤츠 뇌이징됬나요..ㅋㅋ,4
BMW,5시리즈,에이 그냥 대중교통 타야지,1
BMW,5시리즈,비엠순정네비 티맵 베이스 들어가용,1
BMW,5시리즈,여기서 게거품 물고 싸우는 인간들 특징) 지하철타고댕김,7
BMW,5시리즈,오뭐야 우리학교에서 촬영하셨군요!,1
BMW,5시리즈,2:46 BMW E250이요?????,1
BMW,5시리즈,눈섭이... 왜 ㅅ 이죠.... 우파형 영상 매일보면서 오늘 처음 알았네,2
BMW,5시리즈,BMW승,1
BMW,5시리즈,BMW e250이요..?,2
BMW,5시리즈,02:47 bmw e250??!,1
BMW,5시리즈,비엠은 돈없는 카푸어들이 할인받고 사는차 ㅋ,5
BMW,5시리즈,차는 벤츠지비엠사면 길에 지나다니는 벤츠보고후회한다. 몬가 아쉬워진다.걍 닥치고 벤츠사라 차는 벤츠같다,3
BMW,5시리즈,bmw e250,1
BMW,5시리즈,당연 비엠,1
BMW,5시리즈,비머는 성형수술하고 멋있어졌는데벤츠는 어디 돌팔이 의사한테 수술받았나???,6
BMW,5시리즈,같은가격이면벤츠 비엠이지어서 제네시스가 ㅋㅋ비빌라고해,2
BMW,5시리즈,여잔데 비엠 5시리즈 더이뻐 보임,5
BMW,5시리즈,5시리즈지..,2
BMW,5시리즈,벤츠 디자인 구리네;;;; 망둥어냐??,9
BMW,5시리즈,E350 amg line은 린심 뒤져버립니다,3
BMW,5시리즈,난 5시리즈!!!,2
BMW,5시리즈,엄마가 차사제욬ㅋㅋ,3
BMW,5시리즈,비엠이지,1
BMW,5시리즈,여자 꼬실때는 아직은 벤츠이게 차 구매할때 진짜 크게 작용하는듯...,3
BMW,5시리즈,15:32 비자금 공간으로 딱일듯 ㅅ,4
BMW,5시리즈,전 벤츠실내 별로던데.. 화면도 투박하고. 센타페시아도 쫌...  요번에 520d구매 했는데 e클이랑 고민 많이 했는데 주행질감이나 옵션이 비엠이 훨씬 좋아서 비엠으로 샀네요.,2
BMW,5시리즈,근데  마스크 안쓰고 해도되어 걱정되네요 ㅠ ㅠ.....,2
BMW,5시리즈,이형 숯댕이 눈썹이네,1
BMW,5시리즈,역시벤츠,2
BMW,5시리즈,아씨....내가 마지막에 뭘 본거야,7
BMW,5시리즈,그돈씨G80,1
BMW,5시리즈,통풍시트좀 넣자 벤츠야 제발,1
BMW,5시리즈,머리스타일 커엽네 ㅋㅋㅋㅋㅋㅋㅋㅋㅋㅋㅋㅋㅋㅋ,1
BMW,5시리즈,난 비엠으로~,1
BMW,5시리즈,이클 왜저러냐 앞 망둥어 뒤 찐빵 ㅋㅋ 만들다 말은 듯,1
BMW,5시리즈,2:47 bmw e 250,6
BMW,5시리즈,결론 둘다 못산다..,2
BMW,5시리즈,BM 왜타냐고? ㅋㅋㅋ 주변둘러봐라 자동차 만질줄알거나 차좀아는사람들은 벤츠보단 비엠탄다,8
BMW,5시리즈,엠블럼빼곤 BM,4
BMW,5시리즈,밴츠 빠는놈들 보면 수입차 안타봤거나 차가 없거나.. 이번에는 비엠 잘나왔구만 댓끼리 오지게 싸우누..,1
BMW,5시리즈,우파님 저 우파님 봤어요!,1
BMW,5시리즈,당연히 BMW지 디자인만봐도BMW다,2
BMW,5시리즈,벤츠는 뭔지? 국산차보다도 못하잖아~~,1
BMW,5시리즈,벤츠 동네바보형처럼 생김..,1
BMW,5시리즈,저희 테슬라는요??,1
BMW,5시리즈,6천만원에 4기통이 뭐냐,1
BMW,5시리즈,가오는 삼각별아니냐,2
BMW,5시리즈,차는 bmw지,6
BMW,5시리즈,두개다 그릴 우욱 씹; 빤스보단 벰이 이쁜거 같음 현실은 둘다 못탐ㅜ 키야~ 사골타는중........,1
BMW,5시리즈,광고너무많다..,3
BMW,5시리즈,BMW싫어요. 회사사장ㅅㄲ 생각남,3
BMW,5시리즈,광교에서 자주 찍네,1
BMW,5시리즈,Bmw..,1
BMW,5시리즈,남의 차 추천 = BM 내 차 살땐 = 벤츠 이걸로 논란 종결,4
BMW,5시리즈,ㅋㅋㅋ 개쌉소리에 빵터지뿟내ㅋㅋㅋ,1
BMW,5시리즈,우파처럼 좀 해라카라야,1
BMW,5시리즈,벤츠는 갈수록 디자인 망인듯...,6
BMW,5시리즈,강남쏘나타,4
BMW,5시리즈,ㅋㅋㅋㅋㅋㅋ 진심 벤츠 개못생겼네 ㅋㅋㅋㅋㅋ 타고 다니면 창피할 수준,1
BMW,5시리즈,3스리즈?̑̈?̑̈?̑̈ 3시리즈,1
BMW,5시리즈,ㅋㅋ잘보고갑니다ㅅㄴ,1
BMW,5시리즈,리뷰중 역시 최악이네요,1
BMW,5시리즈,빤쯔 트렁크 어쩔 ㅠㅠ 개촐랑,1
BMW,5시리즈,이건 락카칠 안함??????,218
BMW,5시리즈,비엠 남자 벤츠 아방가르드 여자,1
BMW,5시리즈,"E클  페이스리프트 너무 못나 보인다 짝퉁중국차같네,,,,...이전 모델이..외관은 훨 낫네",1
BMW,5시리즈,ㅋㅋㅋ,1
BMW,5시리즈,벤츠 실내...특히 에어컨 송풍구 동그라미 디자인 진짜 구리네요...,1
BMW,5시리즈,"벤츠는 S미만 잡이라는거 고로 c,e 다 별로임",3
BMW,5시리즈,이클 엉덩이 어쩔겨 ㅡㅡ,3
BMW,5시리즈,비엠530i  랑벤츠e300  비교많이하지만 비엠이 성능넘사인데....하차감 승리  e클,4
BMW,5시리즈,뜨자마자 바로 왔음,2
BMW,5시리즈,Bm은 지금 너무 양카가 되서 벤츠가 났지 아니면 G80,2
BMW,5시리즈,벤츠 판매량 그냥 쌉압승인데 벤츠라는 브랜드가치는 못이김,3
BMW,5시리즈,"남자는 5시리즈 여자은 E클 아방가르드, 돈이 더 있으면 4컨버, E까브리",2
BMW,5시리즈,두대다 전시장에서 실물 봤습니다. 실물은 벤츠입니다.,11
BMW,5시리즈,한국사람 얼굴이 아닌데,1
BMW,5시리즈,5시리즈 까는거야?,4
BMW,5시리즈,비엠은 아우디랑 비교하고 .. 내차 벤츠는 부가티랑 비교하길,1
BMW,5시리즈,"BMW도 이제 유튜브보면서 조립하는지 볼트도 체결안하고 수출하던데, 당연히 안전위해서 벤츠지.",2
BMW,5시리즈,"좌파, 우파의 그 우파입니까?",1
BMW,5시리즈,E 클라스 하아... 디자인 진짜 못 생겼다.,1
BMW,5시리즈,둘중 하나는 있냐? ㅋ,1
BMW,5시리즈,살이 계속....,1
BMW,5시리즈,"됐고 난 E클 카브리올레 요트블루 사고싶다.. 차알못 여성분들 비엠 콧구멍 극혐하거나 국산으로 아는사람도 간혹있으요ㅋㅋㅋㅋㅋ참고 하시라고 그리고 어떤 비교 리뷰 봤는데 제로백,코너 벤츠가 벰 압살하던데요?",1
BMW,5시리즈,그래도 벤츠 ?!!! 비엠은 불나잔아요 ㅋ,2
BMW,5시리즈,e클 디자인 왜 씹창났냐,1
BMW,5시리즈,1빠,1
BMW,5시리즈,근데 벤츠앞모습 진짜 못생겨지긴했네 실내디자인 보는순간 벤츠가 압살이지만,8
BMW,5시리즈,이젠 닥 5,2
BMW,5시리즈,1빠,2
BMW,5시리즈,ㅋ,1
BMW,5시리즈,케바케죠  벤츠는 페리하고 뭔가  멍텅구리됐음 난 비엠이 더 이뻐보임 ㅋ  남잔 비머 여잔 벤츠죶ㅋ,1
BMW,5시리즈,남차살땐 bmw사라  내차살땐 벤츠 ㅎㅎ차는역시 벤츠독일현지에서도 bmw보다 벤츠를윗급으로 쳐줌,6
BMW,5시리즈,ㅓ,1
BMW,5시리즈,벤츠 진짜못생겼다 아반데가 훨신이쁘것다.. 디자인진짜 토나온다 저게뭐꼬,6
BMW,5시리즈,33,1
BMW,5시리즈,닥 벤츠 실물보면 벤츠 압승,9
BMW,5시리즈,ㅋ,1
BMW,5시리즈,차량가격 6gt 30i m xdrive 차량가 9120만원 정정 합니다. 감사합니다.,13
BMW,5시리즈,역시 7시리즈 바디로 만들어서그런가 공간감과 개방감이 아주!!6GT의 메리트는 엄청나네요..이급은 경쟁차종이 없다죠..ㅎㅎSUV보단 세단만 추구하는 아빠들에겐 최고의 차라던데요!,3
BMW,5시리즈,오늘처음보는데 완전 맘에들어서 구독과 좋아요누르고 갑니다다른 딜러분들은 전시장내에 있는 차량들을 설명만해주시는데 딜러님은 운전하면서 세심히 알려주시니차별화도 되고 믿음이가네요! ㅎHoxy 3gt 후속모델은 언제 나오는지 알수있나요,4
BMW,5시리즈,역시 bmw 운동성능은 두말하면 입아프죠 다음 영상은 같은 와인딩 코스 밟아서 재밋게 타는거랑  느리지 않는 일상주행시 연비 비교도 한번 보여주시면 좋겠어요!!! 좋아요 박습니다^^,3
BMW,5시리즈,아~ 정말 예술적인 실키식스 엔진  입니다. 부드러운 회전 질감 정말 예술입니다. 거기에 제트에프 최고의 미션이 맞물려있으니까 비엠 탈수밖에없죠.,1
BMW,5시리즈,너무매력적이네요.20d하고도 주행질감은 차이가없겠죠?^^,6
BMW,5시리즈,3부가 너무 기다려지네요~~!!  다른 곳이지만  630i 대기중인데  물량이 너무 적게 들어와서 대기가 꽤 걸리는것 같더라구요..!!  어디든 마찬가지겠죠..??,3
BMW,5시리즈,방송 너무 잘보고있습니다. 클럽에서도 그렇고 제일 고민거리가 620D 와 630i 인거같습니다. 가성비 진동소음 등 비교시승 한번 부탁 드려여~~620d는 시승차가 없네요,3
BMW,5시리즈,영상 잘 봤습니다 ㅋㅋ630i 구매 희망하는데제가 g30 540i msp를 타다 개인사정으로 정리 한 상태입니다.E60 528i를 탔었던지라 유압핸들링을 제외한 실키식스 엔진 느낌은 대충 감이 오는데 630i는 출력이 좀 아쉽네요...혹시 국내에 640i 출시 계획이 있는지 궁금하네요,3
BMW,5시리즈,양질의 리뷰 감사드립니다. 혹시 야간에 헤드라이트 구동장면 리뷰해주시나요? 이번 헤드라이트는 스티어링 조향 연동이 안된다고 하던데 이게 원가절감 차원인건지 기술이 더 발전된건지 의견 들어볼 수 있을까요?,6
BMW,5시리즈,6gt 차주입니다. 이차는 모든면에서 한마디로 탈수록 좋은차입니다.,11
BMW,5시리즈,"유용한 시승기 잘 보고 갑니다 뒷자리시승기 3,4부는 언제 업로드하시는지 궁금하네요",3
BMW,5시리즈,"안녕하세요.페밀리카 구입 위해 여기저기 기웃거리며 정보 얻고 있습니다.편한한 운전, 편안한 승차감 위주로 보고 있습니다.칼치기 와 같은 위험한 운전은 하지 않습니다.GT 가 휠베이스도 3미터 넘어 실내공간이 넓다고 들었습니다.아직 실물을 보지 못했고 시증 전입니다.선생님이 생각하시기에 630i 차량이 페밀리카 관점에서 어떠신지 의견 주시면 감사하겠습니다.옵션 등에서 아쉬운 점은 없으신지요?",3
BMW,5시리즈,와.. 역시 6기통 엔진소리 너무 좋네요.,4
BMW,5시리즈,6gt40i 와 740i 주행느낌과 승차감이 어떤 차이가 있는지 궁금합니다  큰차이 없다면 640!로 선택하려구요^^ 조언부탁드려요,4
BMW,5시리즈,3분 10초 완전 간지네요... 다섯 번 돌려봤습니다... 시승기 보다가 이런 거에 꽂힐 줄이야... ㅋㅋㅋㅋ,3
BMW,5시리즈,영상 감사합니다.혹시 연비는 어떤가요?추가적으로 고급유만 넣어야 하나요?,3
BMW,5시리즈,1부에서 말씀하신 헤드라이트 리뷰와 뒷자리 시승기 언제 올라올까요? 보고싶어서 기다려지네요.,3
BMW,5시리즈,주로 혼자 타고 다니기에 630하고 530과 고민중인데 530 어라운드뷰 옵션 강화는 언제쯤 가능할까요?딜런님 연락처는 어디서 알수 있을까요? 네이버 검색해도 안나와서요,2
BMW,5시리즈,"두분 모습이 너무 보기 좋아요. 긴 질문 하나 드리는데요. 제가 허리가 좋지 않아 자세가 조금만 어긋나거나 편도 1시간 운전도 부담스러워 합니다. 현재 운용중인 차량은 5gt 35i 모델인데 이 차 만족도가 상당합니다. 세단보다 살짝 높은 시트포지션이 참 편한 자세를 만들어주더라구요. 트렁크는 짐을 밀거나 당겨서 적재가 가능하구요. 그럼에도 편의장비의 부재 및 컨디션 저하로 인해 차량 교체를 고민중에 있습니다. 가장 1순위로 생각한 모델은 6gt 40i 모델입니다. 다만 전륜 에어서스가 없다는 점이 마음에 계속 걸립니다. 허리 컨디션은 계속 안좋아지고 있고 장거리 주행할때 현재 5gt는 잔진동이 많이 들어와서 과연 6gt로 변경한들 괜찮을까 라는 생각이 들기도 합니다. 그래서 타사 모델들도 많이 고민해보고 시승해보았습니다. 승차감 좋다는 g80을 타보았지만 주행질감이 너무 부족하더군요. 10년된 5gt보다 만족감을 못준다는게 놀라웠습니다. GLE450은 승차감은 좋은데 핸들과 시트의 정렬이 걸리고 벤츠의 오토홀드는 브레이크를 더 누르는 방식이라 고관절이 힘들어져서 패스하게 됩니다. 그래서 시트 좋다는 볼보를 가서 xc90 d5을 시승해보는데 엔진 질감이 현대 r엔진 달린줄 알았습니다.  t6나 t8을 시승해보면 좋을텐데 그러지 못해서 아쉽네요. 이쯤되면 비엠빠가 글 쓰고 있는거 같은데 이게 장기간 비엠 소유하다보니 그 주행질감에 길들여져 어쩔 수 없는거 같습니다. 따라서 6gt 40i, x5 40i, x7 40i 중에서 고민을 해봐야 할텐데 가격차이가 서로 많이 나니 6gt가 우선순위에 있긴 합니다. 추가로 왜 40i를 고민하고 있나면 별거 아닌데 2열 선블라인드 때문에 그렇습니다. 데일리카로도 써야되고 패밀리카로도 써야되거든요.아 혹시나 해서 위 비교차량에 대한건 지극히 개인적인 의견과 경험이기 때문에 오너분들 오해없으시길 바랍니다.질문을 정리하자면1. 6gt가 두 모델 대비 승차감 및 주행질감 그리고 잔진동 거르는 능력 차이가 많이 날까요?2. 5인 환경에서 2열 중앙 자리 탈만할까요?입니다.긴 글 읽어주셔서 감사합니다.",2
BMW,5시리즈,6gt  lci는  이전 버전에 비해  주행성 차이가  있나요?  느낌이 궁금합니다,2
BMW,5시리즈,x6랑 6gt랑 비교하면 스포츠성코너 어떤게 좋나요?,3
BMW,5시리즈,20d 30i 진동 소음 비교좀해주세요~~30i  정차시소음이 있다고하던데 ..,4
BMW,5시리즈,비교가 불가함 어디감히 5시리즈가 ㄷㄷ,2
BMW,5시리즈,찐팬입니다 넘재밌습니다 ㅋㅋ  형 이거 미쳤다 ~  ㅎㅎ,2
BMW,5시리즈,5가 나파 가죽이거나 스피커만 하만 이였으면 ㅜㅜ 끝물 안기다릴거같네요,2
BMW,5시리즈,6기통 시동소리 ㅠ이게 그 씰키씩쓰 갬성인가요?엔진 컨디션도 좋아서 물이 질질 ..소리 좋네요,2
BMW,5시리즈,정말 재미있게 잘봤습니다두분 팬됐습니다!!!,4
BMW,5시리즈,역시 유쾌한 리뷰 잘봤습니다.반자율주행 부럽네요.....프로페셔날?ㅋㅋ,3
BMW,5시리즈,막 싸네요?ㅋㅋ 630 개땡기는데 쩐이 ㅜㅜ530 msp까지는 되는데 이건 무리데스..엔진디튠 오지네요 ㅎㅎ,10
BMW,5시리즈,시트포지션이 5시리즈보다 6gt가 좀 더 높을까요? 똑같을까요?,1
BMW,5시리즈,레이져 라이트는 어는차량에들어가고 옵션으로 선택가능한가요?,2
BMW,5시리즈,갖고싶다 6GT,2
BMW,5시리즈,아 다 졌었어 ㅋㅋ 잼나게 보고갑니다!,3
BMW,5시리즈,시승차 색 궁금합니당,2
BMW,5시리즈,비엠오너들이 거의볼텐데 시트포지션설정방법 컨텐츠어떤가여ㅠ,3
BMW,5시리즈,6:15 킬 포인트,9
BMW,5시리즈,소프트클로징 손가락 잘려요달아서는 안되는 옵션,3
BMW,5시리즈,레이저 라이트는 멀리 비춘다는 편의보단 이쁜 파란눈이 가지고 싶은 마음이 더 크죠..ㅜ,9
BMW,5시리즈,6GT 620D 주행영상은 안찍나요?,2
BMW,5시리즈,"질문:와인딩 주행하신 왕복 2차선 도로에 가보고 싶은데, 어디인지 알려주실래요~~~?",5
BMW,5시리즈,너무 재밋네요 ㅋㅋ,3
BMW,5시리즈,선 좋아요누르고이따 새벽에  램성 터질때  시청하겠습니다!                - 로드과자 매니아 올림 -,3
BMW,5시리즈,커브길 엑셀밟으면서 그냥 가는거에요?,2
BMW,5시리즈,구독 눌렀습니다. 640 은 언제 한국에 들어오나요? 아 그리고 황선홍 축구감독 닮으셨어요 ㅎ 잘 생기셨네요.,5
BMW,5시리즈,630d인데 문짝이 잘 안닫겨요.. 소프트클로징좀 넣어줬으면 ㅜㅜ oe가 답입니다,2
BMW,5시리즈,640i는 어떨까? 색상이 뭔가요?,2
BMW,5시리즈,630d 는 언제쯤 나올까요?,2
BMW,5시리즈,결정장애로 질문드립니다 620d 630d  630i 어떤걸사시겄어요 속시원하게 해결해주세요 이한준님  부탁드려요,4
BMW,5시리즈,6gt 몇년뒤에 생산 단종된다는데 정말인가요!? ㅠㅠ,5
BMW,5시리즈,구두에 회색 스포츠 양말은 또 머선 일이고??,3
BMW,5시리즈,운전습관보소 크락션 누르는기 습관이고 덜덜덜~~~~~~~~~~~~~~~~~~~~~~~~,5
BMW,5시리즈,이 분들 개그맨 아닌가 ㅋㅋ,1
BMW,5시리즈,요거 색상이 뭔가요 ? 6지티,2
BMW,5시리즈,비교하는게 잘못된거지요체급이 있는데~,2
BMW,5시리즈,굿,2
BMW,5시리즈,수소차에요? 물이,1
BMW,5시리즈,혹시 연락처알려줄수잇으신가요 상담받아보려고요,3
BMW,5시리즈,침수차야?물이 너무 많이나오는데...,3
BMW,5시리즈,길들이기는 자꾸 머선 소리고,2
BMW,5시리즈,3:09,2
BMW,5시리즈,아주그냥 배기구에서 오줌을 질질싸네요,3
BMW,5시리즈,안녕 BMW? 지금 더워!의왕간 고속 도로입니다 .. 안해!,5
BMW,5시리즈,초심...,5
BMW,5시리즈,"520i G30 (20년식) 차주입니다. 뭐랄까, 30대 중반이 타는데 부족한 것도 없습니다. 사실 5시리즈 중 엔트리 모델이긴 하지만 필요한 옵션은 다 있고 드라이빙 하는 재미도 충분히 만족스럽다고 생각해요. 전 차량은 전륜구동 차량이고, 본 차량은 후륜이라 트렁크는 엄청 넓다고 느꼈는데 역시 사람마다 다르군요. 한 가지 아쉬운 점은 5시리즈든 E클이든 A6든 뒷 좌석은 생각보다는 좁습니다.",5
BMW,5시리즈,와. 속도감 있어 지루하지않는 방송친근하고 현실적인 설명재미있게 보고갑니다 ㅎ,5
BMW,5시리즈,현 520i 30 대차주입니다. 과하지도 부족하지도 않은 아주 좋습니다 ^^ 타다가 꾸밀맛도 생기고 약간 허전한 부분이 보이기때문에 운전 능력 발란스 굿이요,2
BMW,5시리즈,리뷰 너무 재밌게 하시네요 5시리즈 장점을 명확하고 재밌게 설명하싯듯,2
BMW,5시리즈,진짜 520i미친 갓성비임(통풍만 있으면거의 국산차 풀옵임) 글고 스포츠모드에선 국산차와 다른 주행성능을 보여줍니다객관적으로삼각별 성애자가 아니면  bm이 정답입니다,3
BMW,5시리즈,전에 사고나서 e200 받았고 이번에 사고나서 520i 타는데 훨씬낫더라구요 이거구매할걸 후회하는ㅠ옵션은 통풍시트빼고는 아쉬운게 없는+비엠의 할인까지생각하면 진짜 가성비최고재뻘님이 리뷰하신내용이 딱맞아요,6
BMW,5시리즈,일반인 시점으로 리얼리뷰 잘봤습니다앞으로더기대할께요~재뻘님10만구독 가는날까지 쭉~응원합니다 화이팅!!!!,2
BMW,5시리즈,항상 재뻘님의 솔직 담백 리뷰 잘 보고 있습니다 저두 비엠 엄청 좋아합니다^^개인적으로....,2
BMW,5시리즈,"제가 g80 리뷰땐 목소리가 좋다고만 했는데, 서민으로 현실적으로 잼있게 설명해줘요 ㅎㅎ 많은 유튜버 리뷰어 보지만 편해요. 저두 m3, r35 탔지만 어설픈 전문가보다 초짜틱 하면서 편하게 하시는게 많은 구독자 부를꺼에요. 줄겁게 볼께요. 잼나는 차들 많이 해주세요 ㅎㅎ",10
BMW,5시리즈,"520i 10월출고후 만족하면서 타고 있습니다. 출력도 부족하지 않고, 반자율 주행도 편하네요. 말씀대로 g80,그랜져보다 잘 나갑니다. 영상 재미있게 잘 봤습니다 :)",8
BMW,5시리즈,원래 그렌져 페리 생각하고 있다가 이 영상 보고 520i나 530i로 생각을 바꿨습니다. 나중엔 견적 프리뷰 영상 같은것도 해주시면 좋을것  같습니다영상 항상 잘 보고 있습니다,7
BMW,5시리즈,재밌게 잘 보구있습니다~~  재뻘TV 화이팅~!💪,2
BMW,5시리즈,트렁크에도 신타6가 있는거보면 골프백 보단 아령이 몇개들어가는지가 더 중요할듯,15
BMW,5시리즈,독일에서 네비 정보를 보내준다니 ㅋㅋㅋㅋㅋㅋ 정말 웃기네요! ㅋㅋㅋㅋ 5시리즈가 e클래스보다 더 승차감이나 소음부분에서 좋다고 하던데 혹시 맞나요? 개인적으로 저도 비엠을 더 좋아해서 5시리즈 너무 멋져보이네요! ㅋㅋ,2
BMW,5시리즈,오오 요즘 새로운 연식나오면서 E300에서 바뀐 E250(얘도 마찬가지로 외형 부분에서는 좋더라구요)과 520i 비교를 한 번 하면 재밌겠네요 ㅎㅎ,1
BMW,5시리즈,재뻘님은 정직해 보이십니다!!,13
BMW,5시리즈,형 너무말씀 편안하게 잘해서 리뷰잘보고있습니다..구독 알람 좋아요 꾹 하고갑니디ㅡ,2
BMW,5시리즈,통풍시트랑 서라운드뷰없는건 매우아쉽긴하다 진짜...,1
BMW,5시리즈,히야~재뻘님의 진실된 입담 ㅎㅎ10만 가즈아^^,2
BMW,5시리즈,실내크기가 좀더 컸으면 좋겠다ㅠ,1
BMW,5시리즈,5000만원대에서 최고의 가성비인거같아요! 제네시스만 보다가 저거보니 더 끌리네요 ㅋㅋ,5
BMW,5시리즈,딱 일반인이 궁금해할꺼 콕 찝어서 하는 리뷰1일 1영상 보고싶다..,3
BMW,5시리즈,전 땀안나는 체질이라 통풍시트 키면 춥고 엉뜨하면 뜨거운...에어컨 최소로 해도 충분히 만족이라 옵션없는 차만 타게되네요ㅋㅋ,1
BMW,5시리즈,통풍시트 강렬하게 공감해서 계속 시청합니다 근데 에프터로 하면 얼마나할까요?,1
BMW,5시리즈,17년식 m3 스머프 타는데~  모르는 사람들은 5천짜리 3시리즈로 알더라는~ // 머플러는 새로 사제로 튜닝해야 겠네요 ㅎㅎ  / 1억짜리(공식가) m3도 통풍없어요 ㅎ / 528 타다가 m3 넘어왔지만 후회는 안한다는 살짝 손봐서 470마력 연비 6~8정도 나옵니다~ 서킷 타면 5도 찍더라만~ 18년식 니로하이브리드 하나 더 타고 있다는(주행거리가 많아서 ㅎㅎ),1
BMW,5시리즈,재뻘님 키도 크시고 체격이 크신거 같아요. 5시리즈가 작은 차가 아닌데 재뻘님이 옆에 서계시니까 차가 작아보여요...ㅋㅋㅋ,16
BMW,5시리즈,잘봤습니다.  재밌네요.  앞으로도 계속 다양한 차종 부탁해요~~~~^^,2
BMW,5시리즈,변속질감이 끝내줘요..정말 엔진 변속기는 국산이 따라올렴 한참걸릴듯..다만 실내가 좁아요.비슷한 가격대 차량 비교시.운행느낌은 명불허전이고..,1
BMW,5시리즈,재뻘님 설명도.잘해주시고 옷 스타일도 좋으시네요.,2
BMW,5시리즈,재뻘님 520i 리뷰짱입니다.  구매 고려 중입니다.,2
BMW,5시리즈,520i 만 있는 꼬냑시트 너무 이쁩니다 아늑하고 너무 좋아요 !!m스포츠 모델로 구입예정였는데 또냑시트보고 520i완전 만족합니다 ~~^^,6
BMW,5시리즈,재뻘님 재미있게 잘보고있어요ㅎㅎ,2
BMW,5시리즈,재뻘님 소나타리뷰도 꼭 보고싶습니다..,5
BMW,5시리즈,유머러스하셔서 영상 너무 재밌네요ㅎㅎ 재밌게 봤습니다~,2
BMW,5시리즈,차 진짜 이쁘다 ..,6
BMW,5시리즈,"캬 적재적소 비유, 언어의 마술사 지립니다. BMW 밸런스 하체 드라이빙 퍼포먼스,명차죠. ㅎㅎ무플보다 나은 악플 , 악플보다 나은 선플ㅎㅎ",1
BMW,5시리즈,제차라서 그런가 더 재밌게 봣습니다 ㅎㅎㅎ통풍없는거만 빼면...이거때문에 차에 구멍내서 사제로 달까말까 ㅠㅠㅠ 고민중...,2
BMW,5시리즈,리뷰가 실질적인내용이네요 ㅎㅎ,1
BMW,5시리즈,3천대 g70도 있는데...5천대 g70은 v6 터보에각종 호화 옵션들어간 차고이것도 쓸고퀄 옵션 한두개 빼면 4천대,18
BMW,5시리즈,조회수4에 보는기적!차 좋네요 5천!! 5시리즈하면 거의7천이상으로 보니까요..ㄷㄷ다른건 다좋은데 딱 통풍시트만 아쉬운것같습니다 여름에 너무 더워요,1
BMW,5시리즈,5시리즈는 530i msp부터가 찐이라고 생각합니다~ 그 아래로는 옵션차이가 너무 나서 좀 과장하면 다른차라고 봐야.... 물론 차알못 일반인들이야 그차가그차겠지만~,1
BMW,5시리즈,묘하게 중독성 있는 말투입니다 ㅎㅎ 분명 대성하실거예요~쭉쭉쭉~갑시다~응원합니다,11
BMW,5시리즈,재밌어요 ㅎㅎ  다음 q7도 궁금합니다,1
BMW,5시리즈,하긴 막상 차사도 진짜 중증의 환자가 아닌이상 천천히 2~3천  rpm으로 최고출력 안쓰고 다니는대 굳이 530i 그돈주고 살필요 없을듯해요 할인 많이 받을수 있으면 무조건 520i,1
BMW,5시리즈,영상보고 고민끝에 계약했습니다~~~ 영상 넘 잼있어요~ㅋ,2
BMW,5시리즈,낚시 좋아하는분들은 패스하세요 1000사이즈 발판 트렁크에 안들어갑니다. 달리기 성능은 확실히 잼있다고해야되나 같은속도라도 잼있습니다,2
BMW,5시리즈,브레이크는 없어도 통풍시트는 있어야 되는데....,4
BMW,5시리즈,연 1만km정도 타는데 g90이랑 520i 유지비가 어느차종이 덜 나갈까요?,1
BMW,5시리즈,"520i도 운전 습관에 따라 연비가 장난아닙니다. 스포츠모드 주행 아닌 컴포트모드 연비 11.7km/l 입니다. 가격은 5000극초반에 샀습니다. 대차로 소나타 타봤는데 소나타보다 뒷좌석, 트렁크 훨 더 큽니다. E클이나 A6같은 동급과 비교해 가성비 짱.",1
BMW,5시리즈,530i 럭플 유저인데요 확실히 럭셔리라인은 어두운칼라가 갑인거같아요 전 화이트 ㅜ,1
BMW,5시리즈,악플도 고마워하는 바른 유투버. 재뻘TV 응원합니다. ^^,9
BMW,5시리즈,내일 출고되는데 너무 기대됩니다,8
BMW,5시리즈,갠적으로 열선시트보다 통풍시트가 더 중요하다고보는데..제조사는 안중에없나보네요...,2
BMW,5시리즈,"10월 좀 전에 현금으로 5500까지 떨어진 모델이라 아버지가 사셨는데, 사람들은 d인지 i인지 안 확인 안하고 다 불쏘시개라 그럽니다 ㅠㅠㅠㅠㅠ",1
BMW,5시리즈,제발 23년도까지 bmw 520i 판매 흥해라 나도 지르러갈거니간 하 ㅜㅜㅜ,1
BMW,5시리즈,리뷰 너무 재밋네요 ㅋㅋ 520i 좋다..,4
BMW,5시리즈,이정도면 현대에서 칠공 협찬해줘야할꺼같은데ㅋㅋㅋㅋㅋㅋㅋㅋ,1
BMW,5시리즈,4천대로 갑시다.국산차 돌풍이 장난아닌데...,2
BMW,5시리즈,리뷰 아주 재밌네요.....ㅎㅎ,2
BMW,5시리즈,리뷰 재미있어 계속 보게 되네요~ㅎ차 바꿀 때가 되어 검색하다가 재뻘님 리뷰 관심있게 보고있어요. 차 추천 좀 해주시겠어요? 내년 2월에 리스할 예정이구요. 40대 중반 직장여성입니다. 벤츠 e클래스 탐났었는데 재뻘님 리뷰보고 흔들리네요. 비엠520도 좋긴한데 남편차라서 똑같은 차종은 좀 그렇네요. 통근거리 6~7km이고 가끔 딸 태우는거 외엔 거의 저 혼지 탑니다. 구매 아니고 리스이구요. 이런 조건이라면  어떤 차가 좋을까요? 차 관리 생각하면 국산이 좋긴한데요. 추천 좀 부탁드려요.,1
BMW,5시리즈,ㅋㅋㅋㅋ리뷰가 되게 재밌습니다ㅋㅋㅋ1000키로 조지러 ㄱㄱㄱ,4
BMW,5시리즈,처음보는 채널인데 말빨에 살거같네욬ㅋㅋㅋㅋㅋㅋ 재밌습니다 현기 어떤고장이나도 일주일안에 끊죠.. ㅋㅋ 어디에나있고,1
BMW,5시리즈,520i 차주입니다 완전 만족하며 타는 중입니다^^ 타보면 압니다 왜 이렇게 리뷰를 하는지,17
BMW,5시리즈,520d나 530i에는 뒷자석 폴딩 다 가능합니당,1
BMW,5시리즈,가성비 국민외제차죠ㅎㅎ,4
BMW,5시리즈,말잘하시고  하고싶은말 다해주시네요 구독누르고갑니다 ㅎㅎ,5
BMW,5시리즈,준피디는 G70보단 열정으로 모닝 타야지,6
BMW,5시리즈,솔직히..520i는 제네g80보다는 현저히 떨어지는수준..통풍도 없고 막상 뒷자리타면 g80이 훨넓고..그리고 4기통과 6기통은 비교불가..,5
BMW,5시리즈,역시 5시리즈.... 잘 보고 갑니닷,2
BMW,5시리즈,4기통인게 참 아쉽 ㅠㅠ,6
BMW,5시리즈,잼있게 봤습니다. ^^,2
BMW,5시리즈,크~g70좋긴하죠. 비교가나와서말인데 하체 엔진룸 보면 같은값이라기엔 현대차 본딩이나 방열 넘허접해서리..고속주행시에 불안함. 520i 가겨대비 좋아요~ 가족의안전을위해g70보다는 520이낫다 봄,3
BMW,5시리즈,멋지네요^^정확한 모델명 좀 부탁드려요~520i....??,1
BMW,5시리즈,외관이 너무 심심하긴 하네요.   그래도 엠블럼 빨은 있으니 모르는 사람들은 우왕 비엠따블유 구웃 할둣.,1
BMW,5시리즈,"잘모르시는 분이 많은것같은데 530i도 2,000cc 4기통 터보입니다. 540i부터 6기통이에요",4
BMW,5시리즈,"안녕하세요 대박 유튜버 감별사입니다저는 2년전 윽박이, 여자 윽박이 등 다수 그늘에 가려진 대박 유튜버들을 감별하였습니다 전 이 분이 핸섬한 외모와 훤칠한 키, 노홍철을 씹어먹는 입담 등 다수의 대박 유튜버 요건을 감추었기에 발자취를 남깁니다내년 상반기까지 구독자 30만 달성, 하반기에는 50만 구독자로 떡상할 가능성이 무지무지 보입니다 흥하세욧 잘 보고 갑니다",1
BMW,5시리즈,예전 영상부터 계속 봐왔는데 다르다를 계속  틀리다라고 하시네요 계속 쓰던말이라 잘안고쳐지시는것 같아요 자막은 올바로 되어있네요 항상 잘보고 있습니다 홧팅요,1
BMW,5시리즈,볼보s60 가격이 너무 좋아서  큰거한장이상  해야 520i  처다볼듯,3
BMW,5시리즈,재미있게  잘 봤어요~~🤗👍👍,1
BMW,5시리즈,"4기통 승용차와 6기통 후륜 400마력 고급 SUV 비교도 어이없지만, 비교 의도 자체가 어이없다.",3
BMW,5시리즈,비엠네비 쓸만합니다. 독삼사중에 유일하게 터치되고 젤 그나마 젤 정확해요,1
BMW,5시리즈,리뷰 재밌네요 ㅋㅋ,2
BMW,5시리즈,하지만 저는 es (욕먹는일본차) 하브타다보니 기름값의 압박이ㅋㅋㅋ몇일만타고 반납했어요,6
BMW,5시리즈,이야~~  어찌 그리 말을 잘하는지 부럽습니다.~~,4
BMW,5시리즈,차주분께서 어떤 프로모션으로 사셨는데 5000만원대 중후반이었나요? 아무리 찾아봐도 취등록세 빼고 6000스타트인것같은데... ㅠㅠㅠ,15
BMW,5시리즈,가족분한테 사주신 화이트에 비하면 이 블랙은 어떤가요?,1
BMW,5시리즈,재밋게 잘봣어요 서민적이심 ㅎㅎ,2
BMW,5시리즈,640i m팩입니다 201년식 제차리뷰 맡겨보고싶ㅇㅓ요  차리뷰보는것중에 젤 꿀잼이네요,4
BMW,5시리즈,아주............잘 보고 감미다^^ 목소리와 말투가.........묘한 중독성이 있서요~~,2
BMW,5시리즈,가장 좋아했던 브랜드 포르쉐도 아니고 벤츠도 아닌 비엠이였는데 장안의화재차로 떠올라서 울먹하고 집팔고 차삼(G80) ㅠㅡㅠ,6
BMW,5시리즈,독일에서 정보를 보내주는 네비  ㅋㅋ,1
BMW,5시리즈,5시리즈>g80>e클5시리즈 최고,3
BMW,5시리즈,핸드폰연동 네비 되나요?? 만약 연동되서 화면이 뜨면 계기판이나 HUD에도 뜨나용?? 궁금합니당 ㅎ,2
BMW,5시리즈,형님 오이공아이가 그랜저 팔공보다 잘나간다는건 개소리 같습니다!,3
BMW,5시리즈,맞아요 사람들이 은근 g80이 싼 줄 알더라구요,3
BMW,5시리즈,그랜저보다 잘 나간다굽쇼?제로이백 24초 나오는데 520i는 몇초죠?,1
BMW,5시리즈,솔직히 간지는 벤츠인듯.e300 차주가 더 세련된 느낌임,1
BMW,5시리즈,4기통 180-190마력 비엠 세단과 350마력 터보 g70과 비교하시다닝...,5
BMW,5시리즈,밑에몇몇분말씀대로g70도걍중상옵으로3천에시작해서4천초반까지로보통타는거죠자꾸최상트림풀옵기준으로비교하시네여 원래비교대상이아닙니다,1
BMW,5시리즈,아아.. 그럼 준피디님 bmw5시리즈 언박싱 가나요?ㅎㅎ 보다보니 스키때문에 패스~,1
BMW,5시리즈,차주입니다ㅎㅎ차 좋습니다 정말!ㅎㅎE300이랑 비교하다가520샀는데후회1도없습니다!!!!짱,5
BMW,5시리즈,진짜 이 5시리즈 살빠에 g70 or 스팅어 풀옵 산다 ㅋㅋㅋㅋㅋㅋㅋㅋㅋ,2
BMW,5시리즈,BMW 한번이라도 몰아보면 절대 같은 가격대 G70 안사지요...ㅋ,2
BMW,5시리즈,이미 5시리즈랑 g80은 비교대상이아니죠.. g80이 훨씬더 가치있는 모델입니다,3
BMW,5시리즈,큰 거 타려면 스타렉스 타고 다니라고수입차가 크게 못 만드는 걸까 안 만드는걸까 생각 좀 해봐라,2
BMW,5시리즈,벰은 기본기랑 마크때문에 타는거지 옵션따지는분들은 그냥국산차사셔용..,3
BMW,5시리즈,스키 탈려면 ㅋㅋㅋㅋBMW는 무조건 M팩 달아야 해요,4
BMW,5시리즈,"내년에 생각중인데,현금으로 사면 더 할인해주나요?",1
BMW,5시리즈,개인적으로 저 꼬냑브라운 시트 색깔 너무 전원일기 시골 할배 전기장판 같음 ... 그냥 검정이 나은 듯,4
BMW,5시리즈,g70은 3시리즈하고 비교를 해야죠..,4
BMW,5시리즈,저도 비엠빤데 ㅋㅋ 520d m팩탑니다.. 차좋습니다. 잘나가고~,2
BMW,5시리즈,As때문에 국산 차 사지...가성비는 오히려 외제 차가 더 좋아요,2
BMW,5시리즈,G80  같은 쓰레기랑 비교하지 맙시다..520오너로서 기분이 드러웁니다 ㅋㅋ,1
BMW,5시리즈,5시리즈 3년된거 중고살려다가보험료때문에 포기했네요요즘 수입차나 국산이나 가격이 비슷해서살려고 알아보다보험료 제기준 85년생 자차포함 180나오는거보고 바로 포기했습니다자동차보험 솔직히 저는 돈이 너무 아깝드라구요,3
BMW,5시리즈,이분도 그흔한  현까랑 뭐가 다르지ㅎ비엠은 최고 싼 모델인데 g70은 풀옵가격을 얘기하시네ㅋ2.0터보하고 3.3터보하고 가격비교하지마세요.참고로 2.0g70은 4천대면 좋은넘 삽니다.,3
BMW,5시리즈,520d 차 정말 좋아요,1
BMW,5시리즈,타보지도 않고 이러쿵저렇쿵 정말 가소롭네요ㅎ,2
BMW,5시리즈,530 이 모든걸 충족,1
BMW,5시리즈,순수하게 궁금해서 물어보는데 BMW 불이 그렇게 많이 났었는데 BMW 사기 안 불안하신가요?,1
BMW,5시리즈,언제부터 G80이 BMW5시리즈와 비교대상이였나요...  G80은 독일삼사 E세그먼트에 비빌수있는차는 아직까진 아닌듯..,1
BMW,5시리즈,솔직 5천만원대 차 치고는 많이 부족하죠..마크빨이랑 주행감성 제외하고는 국산 중형보다 나을거 하나 없는데..뭐 그게 크다 싶으면 괜찮은 차라고 생각하겠지만 옵션에 편함은 없다가 있으면 와 좋다고 있다가 없으면 뭔 5천만원대 차가 이것도 없어가 되죠..이클이나 5시리즈 등받이 각도 보면 불편하겠다 생각하고 레그룸보면 장거리 가족들한테 미안할 정도네요..,1
BMW,5시리즈,연비계산이 잘못보셨네요100키로당 몇리터 이렇게 나와요,1
BMW,5시리즈,소나타보다가 그렌져보면 ㅈㄴ 비싸보이는데 5시리즈 보다가 그렌져보면 싸보임ㅎ 1천만원이 우습니?,5
BMW,5시리즈,이거보고 구입 할려고 했는데 다 나가고 없다네요 ㅠㅠ,2
BMW,5시리즈,530i 정말 좋은 차 입니다,3
BMW,5시리즈,520은 외관디자인이 별로인데..ㅠㅠ,1
BMW,5시리즈,통풍없으면 너무 힘듬,1
BMW,5시리즈,요즘 길거리에서 소나타보다 자주 보는듯~,2
BMW,5시리즈,요즘은 2~30대 여자는 이클 5시리즈. 그닥 어필하기가ㅎㅎ 흔해서 싼마이롭봄 그리고e300타도 뒷차 레이가 빵빵댐 작년 4천대 e300할인 희소성있는 캐딜락을 1억으로봄 시선집중,1
BMW,5시리즈,오 10분대 리뷰 좋으네요 ㅋㅋ,2
BMW,5시리즈,530 스포츠로 했는데 실내에서 배기음 잘 안들리는데 소리 어떻게 키우나요?,2
BMW,5시리즈,겨울철 후륜구동은 눈오는날이면 취약하다  스노우타이어가 장착해야하네요 후륜구동이네요,1
BMW,5시리즈,보면 볼수록 빠진게 많네요 g70 이네,1
BMW,5시리즈,잼있게리뷰잘하시네요 9독,1
BMW,5시리즈,원래 5천차리를 5천에 파는데 싸게파는건 아닌듯 그리고g80보다 훨씬잘나간다는게 말이되나,1
BMW,5시리즈,옆라인 k5신형이 더 이쁜거같음,1
BMW,5시리즈,엔진 미션 브레이크오일은 어떻게교환하나요,1
BMW,5시리즈,네비는 쓰래기만 Bmw 무선 카플레이가 되죠!,4
BMW,5시리즈,520!는 내부 및 옵션이 너무 깡통입니다 벤츠 e200하고 거의 깡통동급이고 콤포트도 아닌 기본시트부터 조잡한 버튼식 에어콘등 그냥 다른 5시리즈트림에 비해서 엔트리모델일 뿐입니다  가솔린 사실거면 530!사세요 530!는 2000cc입니다 디젤 520d vs 가솔린 530! 비교가 맞구요 그리고 5시리즈를 G70과  비교가 맞나요?,1
BMW,5시리즈,아무리 생각해도 한국인들이 젤편한차는 국산차밖에없다 ㅋㅋ,10
BMW,5시리즈,오시리즈 블랙시트인데 꼬냑시트가 탐나네요 ㅜ ㅜ,2
BMW,5시리즈,어쩌다 눌러서 봤는데 재미있네요 ㅎㅎ 자주올게요,3
BMW,5시리즈,비엠 신형 5시리즈 네비 요즘 많이 좋아졌습니다  써보시고 리뷰를하시던지 아니면 좀 알아보고 리뷰하시길 그리고 5시리즈는 g80하고 경쟁입니다 자꾸 g70이랑 비교하시네요,1
BMW,5시리즈,사봐야 울고불고 해야 그때야정신차리겠죠,2
BMW,5시리즈,G70보다 안나간다고?ㅋㅋ 그냥 체감이겠죠 불안해서,1
BMW,5시리즈,님들 520i와 벤즈  cla250 4 metic  같은 가격이라면 어느거 선택하시겠는지요?고민중입니다.^-^,1
BMW,5시리즈,전 그냥 국내차사겠습니다 리뷰들어보니  그닥  좋아보이진 않네요  ㅠ,2
BMW,5시리즈,"연비 8.7이면 엄청 구린거 아닌가요 180마력이...그랜져 풀옵이 낫다고 봅니다마크빨, 주행능력빼곤 나은게 없다고 봅니다가속성능도 그랜져 g80보다 빠르다니 느낌상이 아닌가 싶네요",1
BMW,5시리즈,520d에는 통풍시트 있어용,2
BMW,5시리즈,큰거 한장 +  무이자 사신분 계시네요,1
BMW,5시리즈,G70 3.3이 더 나을듯,3
BMW,5시리즈,아쉽다 뭐다 화재다해도 주면 ㄱㅅ 하고 탑니다 ㅋㅋㅋㅋ 돈앖어서 못탐 ㅠㅠ,3
BMW,5시리즈,"지금도 결국6천만원 이상임. 5천만원대는 그냥 명목상 가격이 그렇고 결국 BMW파이낸스끼고 출고가는 5천후반찍어도 결국 이자비용하고 이런거 감안하면... 해외에서도 원래 BMW5가 G80보다 훨비쌈. 미국도 그렇고 유럽권도 그럼.  BMW5나 E클래스 (2.0기준)가격이 100이라 치면, G80은 3.3 기준으로 80정도임. 2.0모델로 비교하면 사실상 반값에 가까워지고.",4
BMW,5시리즈,g70 현대차 오천주느리 뱀5시리즈가 천배낫지,3
BMW,5시리즈,와 시부레 나는 6천넘게주고 샀는데ㅡㅡ,1
BMW,5시리즈,말리부2.0터보 리뷰 한번 해주세요 ;;;,1
BMW,5시리즈,5천만대면 깡통인건가여??,1
BMW,5시리즈,520i 신차 출고 했는데 무조건 530 i 사세요 후회합니다,3
BMW,5시리즈,520i 는.라이트가.아쉽네요 ㅜ ㅜ,4
BMW,5시리즈,11월프로모션어떤거같아요?ㅎㅎ,1
BMW,5시리즈,6400부터시작하는데 5천만원대는 낚시아닌가요? 취등록세하면7천됨ㅋㅋ,1
BMW,5시리즈,12:47 무슨 5시리즈를 사람들이 1억으로 알아요 ㅋㅋㅋㅋ 6천대정도로 생각하지 7시리즈면 모를까,1
BMW,5시리즈,말 잼있게하시네^^잘봤습니다~,3
BMW,5시리즈,하아 4기통이랑 6기통을 비교하면서 g80  얘기를.... 이건뭐 벤츠A클이랑 그랜저 비교하면서 그랜저 가격으로 까는소리네... 급이다른차를가지고 가격을비교하면쓰나.. 심지어 대형하고 중형 ..,1
BMW,5시리즈,구독 좋아요 했습니다 페리 그랜져 나오면 리뷰  ㄱㄱ,1
BMW,5시리즈,준pd 귀너무 얇은거 아닌가요??ㅋㅋㅋ G70이 삐질듯,2
BMW,5시리즈,오일교환하는데 비용이얼마나 되나요,1
BMW,5시리즈,나파아닌  꼬냑 너무 별로다 시트 색상 뭐해야하지,1
BMW,5시리즈,하 머플러가 아쉽 ㅋㅋ,1
BMW,5시리즈,다조은데 뒷자리가너무불편해여ㅠㅠ1자라서,16
BMW,5시리즈,ㅋㅋㅋㅋ21살에 개념이 없어도 저정도로 없기 힘든데 ㅋㅋㅋㅋㅋㅋ,4
BMW,5시리즈,"비엠의 기계적 성능이나 완성도는 좋을지 모르겠으나, 난 왜 G70이 훠얼씬 더 이쁜거 같져? 비엠은 그릴 때문에 싫다는 1인",4
BMW,5시리즈,간지  단어 오랜만에 들어봄,1
BMW,5시리즈,"Bmw 5시리즈 520i:4기통 싱글터보 184마력 29토크 세단 6000만원제네시스 g70  3.3터보 스포츠 awm:6기통 트윈터보 370마력 52토크 스포츠세단 6000만원여자한테 잘보일려고 외제차 타는얘들 특징:차알못,모솔",3
BMW,5시리즈,뜨금 없지만 피디님 g70 안사나요? 결국 허언이였나요?,1
BMW,5시리즈,제네시스 타면 바보지뭐 520사는게 백배 이득이다,1
BMW,5시리즈,애플카 쓰면 휴대폰 안써도 되는거죠?,2
BMW,5시리즈,썬팅정보알수있을까요,1
BMW,5시리즈,하주소음  꾀  크다.  통풍도  좀  넣어주고,1
BMW,5시리즈,말씀 하시는거나 말투 목소리 얼굴도 배우 누구 닮으셨는데~~~누구였드라 갑자기 이름이 생각않나네요ㅎ 목소리 넘 맘에듭니다 구독했어용ㅎ,2
BMW,5시리즈,20년형이 아니네요 이거 몇년형인가요???,8
BMW,5시리즈,이 가격에 뻥이 너무 심하네,2
BMW,5시리즈,색상이 카본 블랙인가요? 블랙 사파이어인가요?,1
BMW,5시리즈,뒷공간 무슨 저가항공기 같은데,9
BMW,5시리즈,BMW5시리즈는 중형차로 생각합니다G80은 대형차이고요 비교대상은 쏘나타랑 비교 하는게 맏다고 생각합니다 돈으로 하면 몰라도 차크기는 쏘나타 입니다,5
BMW,5시리즈,차가좋고 싫고를떠나서 서비스센터 대기가 3개월이말이냐 똥이냐 미친bmw 내가 벤츠팔고 비엠산걸 땅을치며후회중이다 차가잘나가고 맘에들면 머하냐 수리받을라면 3개월씩 차세워둬야되는데,2
BMW,5시리즈,통풍없고 네비안내안좋고트렁크작고 차라리 그랜저삽니다,2
BMW,5시리즈,전직 카푸어 ㅋㅋㅋㅋ,3
BMW,5시리즈,통풍시트는 없죠ㅋㅋ,10
BMW,5시리즈,돈없어서 못사지 돈잇음  사야지,2
BMW,5시리즈,새거가 5천만원인가요?,1
BMW,5시리즈,팔당가서 스타벅스 크~~,14
BMW,5시리즈,조오타~~,1
BMW,5시리즈,재뻘님 몸좋으시네요 팔뚝이ㅋㅋ,2
BMW,5시리즈,신타 6 드시네요ㅎ,1
BMW,5시리즈,아반떼 명차 HD  리뷰 해주세요,4
BMW,5시리즈,구독 꾸욱 헤헤,1
BMW,5시리즈,재뻘님 키 몇이예요?,2
BMW,5시리즈,리뷰 존나재밌게함 ㅋㅋㅋㅋ 깡패새끼들 리뷰보다 훨신재밌노,3
BMW,5시리즈,서라운드 뷰가 아니고 어라운드 뷰 아닌가?,1
BMW,5시리즈,등급이 어떻게되나욥,1
BMW,5시리즈,현대차  도둑노조들 bmw520i보다 뭐가 좋은데 더비싸다  멍충이들이 현대g70산다 bmw가 5~700백 더싼데,2
BMW,5시리즈,얼마에요?,2
BMW,5시리즈,그릴 돼지코ㄷㄷㄷㄷ이쁜가? 몰겠다,1
BMW,5시리즈,제네시스330 깡통 사겠읍니다,2
BMW,5시리즈,차잘알분들 벤츠c클 vs bmw3시리즈 모든 면에서 어떻게들 생각하시나요?,1
BMW,5시리즈,운동좀 하시는군요 ㅎㅎㅎ,1
BMW,5시리즈,독일차..글쎄요.  희소성이 이젠 너무 떨어져서,3
BMW,5시리즈,근데 g70 보다 느리 잖아,4
BMW,5시리즈,상쇠 ㅋㅋ...,1
BMW,5시리즈,개작긴하다,1
BMW,5시리즈,520i 화재 이슈 전에 나왔어요,3
BMW,5시리즈,네비 폰이랑 연동 안되나요?? 안드로이드 머시기??...,1
BMW,5시리즈,출력이 184  ㅜ,3
BMW,5시리즈,Pd님 배꼽잡는당,1
BMW,5시리즈,잼써요ㅋㅋㅋ,2
BMW,5시리즈,"그냥 bmw는 별로다.넘 흔하기도 하고, 할인을 넘 자주, 많이 해주다보니 오히려 가격정책에 신뢰가 안간다. 게다가 엔진에 불나는 자동차 오명까지....",5
BMW,5시리즈,뒷좌석이 너무좁네...,3
BMW,5시리즈,현대 제네시스 g70은 아닌듯,2
BMW,5시리즈,2:03 이분 여자들 뼈때리시네ㅋㅋㅋㅋㅋㅋㅋㅋ,49
BMW,5시리즈,키185에 덩치있는 사람은 비엠뒷자리 타면직각으로 벌서는 느낌.좃됨G80 둿자리 넓고 편함4기통6기통 비교?,1
BMW,5시리즈,마크때메 타는차아닌가요? 성능편의안전 다 g70에 비할차가아닌거같네요,2
BMW,5시리즈,차는 독일3사지.  자신의 품격을 높이는차지.우리나라차는 줘도안타,4
BMW,5시리즈,재뻘형님 저 1빠! 칭찬해주세요,6
BMW,5시리즈,꼬릿찌릿,1
BMW,5시리즈,어라운드뷰?,1
BMW,5시리즈,잘생겻엉,2
BMW,5시리즈,13:29,5
BMW,5시리즈,뭡니까 첫수익 동영상보는데 삭제하기 있기?,1
BMW,5시리즈,이 채널 뜬다,7
BMW,5시리즈,3333빠,1
