car_brand,car_model,comments,likes
한국GM,티코,"리스토어 장점:기존의 자동차가 새로 재해석되는 느낌,깔끔한 상태,희소성,카세트(리스토어 하는 사람들중 오디오는 순정으로 남겨두는 부분이 많음)리스토어 단점:재부분 여러 애프터마켓을 추가하기 때문에 순정과는 거리가 멀어 순정을 원하는 구매자들한테는 찬밥신세,안정성,엄청난 부품값,요즘은 불편한 수동임(물론 수동을 선호하는 사람들도 많음)",2
한국GM,티코,티코는 정말 사고나면 죽엇다봐야되요.. 아버지도 타셧엇는데 반대차선에서 사고나고 느리게 튕겨나온 마티즈에 부딪치셧는데도 운전석 도어가 다먹어서 큰일날뻔하셧엇죠..,3
한국GM,티코,와 깜짝아 삼촌도 티코 가지고 계시는데 저 녹색계열 도색에 번호판 32소 7까지 보곤 똑같아서 순간 삼촌차인줄,2
한국GM,티코,"얼마주고 사셨나요?? 맘에 드는 매물이 250에 올라왔는데 좀 비싼감이 있어서요. (무사고, 스틱, 슈퍼, 올도색돼있는 차량)",2
한국GM,티코,질문이 하나있는데 휠이 구멍없이 그냥 둥근 원판인데.... 그런휠이면.. 브레이크쪽 뜨거워지지않나요?? 픽플러스 영상보면 일부러 실험해볼려고 구멍뚫린 휠 겉에다가 쟁반을 붙여서 달렸는데 떼보니까 열기가난다고 그러더라고여...,1
한국GM,티코,추억의 명차네유,2
한국GM,티코,전96슈퍼빨간색강원도 원주 ㅡ안산 월금 출퇴근하는데교환한부품 없는데연비도 시내20  고속15고속은좀쏘는편이라,3
한국GM,티코,어떤게자꾸 수리해야되나요,2
한국GM,티코,어 이거 그거 아닌가요 25만 4천원에 티코 사시고 튜닝 이랑 고치는데만 300쓴 그 티코,2
한국GM,티코,GM 대우(한국) 티코 는 3기통 3 실린더 엔진에 앞 엔진 전륜 구동방식(FF)이고 3단 자동변속기(A/T)와 5단 수동변속기(M/T)가 적용되었습니다. 일본의 스즈키(일본) 알토 의 베이스로 만들어진 자동차로 1991년 01월에 첫 출시 해서 1998년 03월에 후속 자동차인 GM 대우(한국) 마티즈 가 출시되면서 2001년 03월에 단종이 되었습니다.,2
한국GM,티코,초반 티코는 너무 힘이 없어서 슈퍼티코 나온뒤로 조금 나아졌져 티코 안전성은 최하 지만 연비는 그 어떤차도 못따라옴,1
한국GM,티코,옛날에 울엄마 저차었눈데 많이 타고 댕긴거 기억난다,5
한국GM,티코,대우티코좀 리메이크 해주면 좋겠다,2
한국GM,티코,우리 아빠 옛날 차... 나는 못 타봤지만 그래도 귀엽다,2
한국GM,티코,연비 하나는 정말 최고네... 무슨 하이브리드인가 ㄷㄷㄷ,1
한국GM,티코,1:33 와 한번에 초기형 후기형 각글 나열 ㄷㄷ,7
한국GM,티코,티코는  역사속으로 사라졌다고한다........,2
한국GM,티코,갑자기 티코 광고 보니까 티코가 먹고 싶어졌엌ㅋㅋㅋ,3
한국GM,티코,1:50 이 노래 알고 싶다. 이 세상 한가운데에~~~~,12
한국GM,티코,옛날에 우리아빠 운전연습할때 탔던 차당ㅋㅋ그땐 이게 무슨 차인가 했는데,3
한국GM,티코,티코 무시하지마라. 지금 구할수도 없어서 엄청 비싸다. ㅋㅋ,17
한국GM,티코,추억,1
한국GM,티코,주행연비 24? ㄷㄷ,16
한국GM,티코,63빌딩 가고싶다......,1
한국GM,티코,연비에서(만) 벤츠보다 좋은차,12
한국GM,티코,티코2.31km.?ㄷㄷ,1
한국GM,티코,"진짜 아껴야 잘살죠 이런 식으로 광고했다간 지금 통화지도 않을텐데 지금은 모두가 돈 많은 사람들과 비교하며 자신도 그들처럼 보이고 싶어하는 시대라 무슨 광고든, 특히 차 광고라면 경제적인, 실용적인 차라는 듯이 광고하면 전혀 안통함 싸도 좋은 차라고 고급화 시켜야지 ㅋㅋㅋㅋㅋㅋ 심각할 정도로 타인 눈치보면서 ‘보이는 문화’로 2-30년 사이에 어떻게 이렇게 변할수 있는건지",1
한국GM,티코,티코는2001까지생산 했어요.,1
한국GM,티코,우리 아빠 중학교 선생님 옛날차,3
한국GM,티코,1:39보면 뒤에 각 그랜저 있음!,3
한국GM,티코,저차 저번에 우리동네서 봤는데,2
한국GM,티코,연비 만 좋은차,7
한국GM,티코,요즘 나왔다면 여자에게 운전을 시켰다고 발광을 했을 광고,2
한국GM,티코,기아 프라이드 1세대 하고 비슷해요.,1
한국GM,티코,부속이 장난감 수준.,1
한국GM,티코,대우 국민차는라보ㅋㅋㅋㅋ,1
한국GM,티코,연비만 좋을뿐 사람4명 타면 오르막 겨우 올라가고 차기 작고 바람불면 차가 흔들흔들 사고났다하면 중상 아니면 사망,1
한국GM,티코,차비대신 티코쪽!,1
한국GM,티코,티코.... 너무 짝아서 트런한태 깔리면 걍 관짝,1
한국GM,티코,저희아빠 첫차네요,5
한국GM,티코,대우 국민차 다마스,1
한국GM,티코,저거 에어백 없다던데 ㄹㅇ임요?,1
한국GM,티코,대우 국민차 에스페로,1
한국GM,티코,티코 타봣는데 어렷을때,1
한국GM,티코,아껴야 잘살죠..  https://youtu.be/fSHYRDmMoSU?t=226,2
한국GM,티코,연비만 좋음,1
한국GM,티코,준혁이는중고차사는데티코탄다고하고 나도중고차타고싶은데 나는수입차,1
한국GM,티코,티코는헌데안니나,1
한국GM,티코,3째외삼촌이 이름은마티즈레요,2
한국GM,티코,이병헌 아님?,1
한국GM,티코,3:26,1
한국GM,티코,이런 ㅋㅋㅋㅋㅋㅋㅋㅋㅋ,1
한국GM,티코,3째외삼촌이름티코에요,1
한국GM,티코,북한 광고 같에,3
한국GM,티코,대우국민차 바보,1
한국GM,티코,0:48,1
한국GM,티코,0:35,4
한국GM,티코,응 그래,1
한국GM,티코,와 재미없다,1
한국GM,티코,이것이 바보,1
한국GM,티코,이제 댓글 끝,1
한국GM,티코,와 이렇게 보니까 그동안 우리나라 차 가 엄청난 발전을 한게 맞구나..,40
한국GM,티코,"95년부터 함께했던 자주색 티코가 저희 차였는데, 4년간 짧은 시간이였지만 즐거운 추억을 만들어 주기에 부족함이 없었습니다.^^",4
한국GM,티코,기름 냄새만 맡아도 서울에서 대전까지 간다는 전설의 차..,8
한국GM,티코,내 첫차.  티코 동네에 세워두면 애들이 축구하다가꼭 밑에 공이 낑겨서 밑에 들어가 있었음.차체가 낮아서 공이 통과를 못하고 꼭 중간에 낑겨 있었음 ㅋㅋㅋㅋㅋ난 기스 날까봐 노심초사 ㅋㅋㅋ빌라에서 연탄불 때던 시절 차 ㅋㅋ지금은 파사트타지만 티코 정말 정많이 가던차,10
한국GM,티코,저당시 티코에 대한 재미있는 말이 많았는데ㅋㅋㅋ 달리다 갑자기 멈추면 차를 뒤집어서 껌이 붙었는지 확인하라는거부터 뒤로밀었다 놓으면 앞으로 간다던지 뚜껑열어서 AA베터리 4개 넣으라는둥 ㅋㅋㅋ,8
한국GM,티코,그래도 나름 마이카 꿈꾸던 사람들에게 단비와 같던 자동차 였는데... 참 티코 시리즈도 많았지...,23
한국GM,티코,와.. 이런 희귀한 영상을 어떻게 구하셨데..,11
한국GM,티코,91년 1년 선배가 대우국민차에 들어갔다고 한대 사달라해서 분홍색으루 샀었지 비탈진대 한쪽바퀴 올리면 차가 비틀어져서 문이안열려 ㅋㅋㅋ 르망 스페셜이랑 티코타고 친구들이랑 놀러 다녔었는데 그립네 ㅠ ㅠ,23
한국GM,티코,지금 저대로 보관되있으면 부르는게 값일듯 ㄷㄷㄷㄷ,6
한국GM,티코,이 영상은.. 굉장히 귀한 거네요,42
한국GM,티코,저때가 그립다,9
한국GM,티코,속내부는 경운기 처럼 단순! 어떻게 저런 차를 타고 다녔는지 신기 함.,3
한국GM,티코,일본 미쯔비시던가 스즈끼 던가 모델 그대로 가져온거였는데.. 대우에서 조립생산.초기 자동차 기술은 일본에서 배울수 밖에 없었죠,9
한국GM,티코,"92년에 인천에 결혼식이 있어 친구 티코를 타고 갔었는데, 그 친구가 경인고속도로를 160km로 쏘고 갔던 기억이 나네요.    제원상 최고시속은 그보다 낮지만 캬브레타 엔진이 탄력을 받으니 160이 나오더군요.  계기판이 160까지 였으니까 그 이상의 속도였을 수도~~ .   그 이전에 가장 작은 차는 87년도에 나온 프라이드 였고, 프라이드 처음 나왔을때 이렇게 작은 차 어떻게 타냐라고 했었는데 티코가 나오는 바람에 프라이드가 중후하게 보였다는~~",1
한국GM,티코,이거와 더불어 티코시리즈가 많았지.. 불암이형까지 시리즈책이 나와서 말이야.. 한손으로 티코 유턴하는것까지  ㅋㅋㅋㅋㅋ,3
한국GM,티코,추억의 티코  급커브 돌땐 자연스레 차문을 열고 쇼트트렉처럼 한손을 집고 커브를 돈다,3
한국GM,티코,각종 티코드립 전설의 시작....,5
한국GM,티코,이 누님들 최소 50대 초중반 되셨겠네.보시면 삼회가 새로울 듯.ㅎㅎㅎ,26
한국GM,티코,"티코를 전기차로 만들면 더 좋을듯..얫날 감성 ,,,,",8
한국GM,티코,시내속도 3050 시대가 왔다. 티코 같은 차가 다시 절실해 진다.,2
한국GM,티코,"120이상 밟으면 요동치는 차제, 곧 이륙할것만 같은 느낌첫차라 애정 많았는데 감회 새롭네요",2
한국GM,티코,그립다....... 어벤져스 엔드게임 처럼 똑같이 양자수트 시간여행이 있어야 되는데.........,1
한국GM,티코,"당시 지금 스파크,모닝,레이도 못따라가는 연비를 자랑한차였어요연비신경안쓰고 막타고 다녀도 리터당17이상은 나왔지요영동고속도로타고 강릉바닷가오는 길에 폭우를 만나서 힘들게 가고 있었는데 강풍에 차가 휘청이면서 돌았던 아찔한기억빼고는 다좋았지요",7
한국GM,티코,와 맞아 옛날 프린스 차에도 운전석 조수석 가운데 앉는자리가 접이식으로 있었던듯ㅋㅋㅋㅋㅋㅋㅋㅋㅋㅋㅋㅋㅋㅋㅋ지렷다 ㅋㅋㅋㅋㅋㅋㅋ 6인승이네,1
한국GM,티코,"나도 97년1월25일에 수동 슈퍼티코 구입해서11년동안 잘타고 다녔는데,",4
한국GM,티코,이상으로 원시인들의 원시시대 모습이였습니다..-- 울아들,1
한국GM,티코,티코 사람4명이서 들고 옮기던게 생각나네ㅋㅋ,3
한국GM,티코,내가 티코 청색 매니아였는데~~ ㅎㅎ지금보니 새롭네요,9
한국GM,티코,일반 열쇠처럼 생긴 차키문짝이 얇아서 문을 닫으면 탁!하는 경쾌한 소리가남(일반 차는 덕! 하는 둔탁한 소리)둔탁,3
한국GM,티코,"초창기 티코---에어컨도없고  파워핸들이 아니라서 특히, 여름에 주차할때 한번 주차하고나면 반쯤 혼이나간다. 티코는 항상, 빨리달린다. 프라이드처럼보이기위해서....외제차나 티코곁에 달리지마라 사고나면 티코는 사망이다. 바깥 천정에서 손으로 누르면 들어간다.  안에서 다시밀면 펴지는게 티코다.  깡통차 ---티코 .",2
한국GM,티코,나 태어나던 시절 90년대 아버지께서 치킨집 배달용으로 구매하신 하얀색 티코 생각나네...진짜 그 차 추억이 엄청 많은 차였는데...,1
한국GM,티코,정말 땅바닥에 붙어 달리던 신기한 경험이였다는,2
한국GM,티코,대학생 때였나..  학교 선배가 축제때  나이트 가자고 슈퍼 티코 였던거 같은데 거기 7명 탔던 기억이난다.,1
한국GM,티코,진짜 너무 골판지 같은 차였음,1
한국GM,티코,눈길에 강한 티고 ㅎㅎ,5
한국GM,티코,도로에 버린껌에  붙어버렸다는 전설의 카,27
한국GM,티코,저막이 너무 웃겨요 ㅎㅎㅎ 얼쑤 절쑤~,7
한국GM,티코,길어봤지 30년전이라니...지금은 전기차. 앞으로 30년뒤가 궁금함,3
한국GM,티코,이게 한강에빠지면 둥둥뜬다는 티코인가요!,2
한국GM,티코,옆 동네에 신차같은 티코 있음. 이쪽 동네에선 엄청 옛날 차 아님.,2
한국GM,티코,으~~르신들 고생 많으시네 ㅋㅋㅋㅋ,1
한국GM,티코,iihs 로 테스트하면 하반신 살아 있으려나?! 사실상 하반신 절단에디션아님?,1
한국GM,티코,"97년도 인가?당시 형님차 (티코)를 끌고 진해로 가던중주유소에서 기름을 넣고 나오던 차량이티코 우측 부분을 가격 했는데,가해차량은 멀쩡..티코는 폐차결국 50:50차 새로 구입하라고,티코 가격 그대로돈을 드렸었네요!!360인가^^기름은 잘 먹지 않는 반면에,주행중다른 차들이 지나가면 휘청휘청흐미!!!",1
한국GM,티코,하얀 티코= 각설탕빨간 티코= 깍두기파란 티코= 당구 쵸크,14
한국GM,티코,ㅋ 그러고 보니 저 친구들 다 타보고 다녔었네.. 티코와 다마스 깡통차 치고는 그럭저럭 쓸만했었음...,9
한국GM,티코,그래도 저때가 좋았다.. 희망이 있던시절..,3
한국GM,티코,완선누나 대체 몇살인거야...??,1
한국GM,티코,차는작은대사람은역대급으로 많이동원됫네요ㅋㅋ,4
한국GM,티코,저 시절이 좋았음....,1
한국GM,티코,드라마 질투에서 최진실이 티코뽑았다고 자랑했더장면 지금도 기억남,3
한국GM,티코,철판이 얇아 판금이 안되었던 무조건 교체했던 차,1
한국GM,티코,근데 자동차가격 타 물가에 비해서 오른편도 아니에요!~~저당시에 티코가격  350만원 했어요!~지금평균 물가로 환산하면 1100만원 가까운 돈이에요!~티코보다 1년늦게 출시한 그렌져 최고급형 3500만원했어요!~지금  물가로 환산하면 1억가까운 돈이에요!~제일 많이 오른건 버스비!~~,2
한국GM,티코,클래식카다~,3
한국GM,티코,와. 한대 갖고싶다,1
한국GM,티코,갖고 싶다,2
한국GM,티코,저 당시에도 자율주행 연구 개발하다가 연구비 없어서 못했다던 시절쯤 아닌가.,1
한국GM,티코,저 차 정말 많았는데 ㅎㅎㅎㅎㅎㅎㅎ,6
한국GM,티코,나에 첫차 티코중고차 80만원에사서 잘타고 다닌기억이나네요그때 슈퍼티코타고 다니는사람이 부러웠썼는데'ㅋㅋ,1
한국GM,티코,고등학교 다닐때 선생님이 티코 탔는데 우리가 장난으로 들어서 숨겨 놓고 그랬는데ㅋㅋ,1
한국GM,티코,달릴때 팔내밀면 나른다는 그차,6
한국GM,티코,티코 못타봐서 아쉬워요,1
한국GM,티코,"90년대 다이너스티, 포텐샤, 각그랜져, 엔터프라이즈, 코란도, 체어맨, 에스페로,  엘란, 프라이드, 갤로퍼중에 그랜져만 나오는듯하네",1
한국GM,티코,얼마전에 은색 티코 지나가는데 멋있더라ㅋ,2
한국GM,티코,나의 첫차네  중고로 50만원사서 삼년끌고80만원에 팔았다,3
한국GM,티코,억소리나는차도 나는급발진...근데 급발진없다는그 전설의 티...코???,1
한국GM,티코,박거나 사고나면 거의 사망 연비는 좋았음 최초 경차라,1
한국GM,티코,1:44 에 댄서분 철이와 미애의 미애씨 아닌가요? 춤실력이 눈에 확띄는데요...표정도 좋고...,2
한국GM,티코,슈퍼티코~! 티코르기니  귀여워~!~♡,1
한국GM,티코,신나는 풍물놀잌ㅋㅋㅋㅋㅋㅋㅋㅋㅋㅋㅋ,14
한국GM,티코,저게 참 사고나면 티코 탑승자 사망율이 엄청났는데 ㅎㅎ 저건 경차가 아니라 시간폭탄 흉기였음온갓 편법으로 강판 두깨를 거의 알루미늄화 시켜놔서 주먹으로 쳐도 박살나던 차,1
한국GM,티코,티코는 아이스크림도 맛있죠 ㅋㅋㅋ,2
한국GM,티코,티코땡 동서남북이거알면 아재...  ㅠ ㅠ,8
한국GM,티코,믿기힘들겠지만 내친구가 저차로 10명이 타고 강릉 바다에 다녀왔다는 ㅋㅋㅋㅋ,4
한국GM,티코,처음 티코 타고 미미의집이 생각났었음,3
한국GM,티코,저때는 대우공화국이였죠,1
한국GM,티코,ㅋㅋ티코 추억돗네,2
한국GM,티코,저 누나들 지금 나이 최소 50대 부터~ 라는게. 세월이 야속하다~,2
한국GM,티코,이때 미국에선 랩터가..,1
한국GM,티코,티코에 사람 많이 타기 이런거 많이 했었는데..,1
한국GM,티코,다마스나 라보는 다시 나온다면 지금도 팔릴껄?,4
한국GM,티코,다들 촌스럽게 보이겠지만2021년도 30년뒤에 보면 촌스러움ㅋㅋㅋㅋㅋㅋ,8
한국GM,티코,동네 매매단지에서 10마눤에 팔던데 ㄷㄷ,3
한국GM,티코,대우를 먹여살린차,1
한국GM,티코,영상이 처음부터 끝까지 웃기네...,1
한국GM,티코,"티코 cf가 무려 김혜수를 썼던게 기억남. 김혜수가 남편 태우고 운전해서 데려다주는데, 남편이 그냥 내리려 하자 김혜수가 ""손님 차비"" 이럼. 그러자 남편이 차비로 뽀뽀를 해줌. 정말 추억 돋는다.",1
한국GM,티코,기아 프라이드 1세대 쌍둥이차 대우자동차 티코,1
한국GM,티코,0:51 아니 분명 기어봉있는 자리인데0:42 가운데 애기는 어디앉아있는거야 ㅋㅋㅋ,64
한국GM,티코,새 차 맞는거쥬? ㅎㅎㅎ,4
한국GM,티코,야아 ~ 김완선 노래 나오네... 그 시대였구나... ㅋㅋㅋ,7
한국GM,티코,건강에 문제들 있나 피부들이 좋지 않네요 ....... 먹기좋을때가 그때부터인듯,1
한국GM,티코,사람이 타고 있었어 ㅋㅋㅋㅋㅋㅋㅋㅋㅋㅋㅋㅋㅋㅋㅋㅋㅋㅋㅋㅋㅋㅋㅋㅋㅋㅋㅋㅋㅋㅋㅋㅋㅋㅋㅋㅋㅋㅋㅋㅋ,1
한국GM,티코,오~ 나의 신차 어디 간거임..ㅠㅠ 돌리도 ~,1
한국GM,티코,저땐 저렇게 날씬하고 이뻤던 도우미 누나들이 지금은 할머니가 되어있겠군요.. 세월이 참..,3
한국GM,티코,저게 저때 당시 300만원이었던가 ? 그정도로 였을거임,2
한국GM,티코,0:43 아니 어떻게 앞좌석에 3명이탐? 그것도 티코에,2
한국GM,티코,나랑 동갑이네 티코...,1
한국GM,티코,이제 이차는 제껍니다,1
한국GM,티코,아까 프라이드가 비웃고 지나갔음 ㅋㅋ,3
한국GM,티코,앚....진귀하군요,3
한국GM,티코,미칠거 같아..촌스러움에...ㅎㅎㅎㅎㅎ,2
한국GM,티코,왜 티코는 번호판이 중앙에 있지 않고 삐딱하게 있는걸까,2
한국GM,티코,주차 잘못 해 있으면 운동부 애들이  4명이서 들어서 온겨는데,5
한국GM,티코,0:42 앞에 2명만 탈수있는데 가운대 어떻게탐?,2
한국GM,티코,일본의 게임기는 제네시스 한국 경차는 티코 아이스크림?,3
한국GM,티코,오 오랫만에 보네 드리프트가 가능한 차였는데,3
한국GM,티코,대형사고난거 실제로 봤는데....그 이후로 티코  그리고 경차 안탐....,1
한국GM,티코,티코하면 빨간색이고 플라스틱캡휠이지.  저 휠은 구하지도 못하고 개채수가 지금 70대? 보기 힘든녀석,1
한국GM,티코,뭔가 제사지내는 것 같은 느낌이네,2
한국GM,티코,오토바이가 문 들이박았는데 문 안열림,1
한국GM,티코,0:27 조수석에 계신분 흔한 반도의 학예회에 그분 아닌가..?,1
한국GM,티코,뼈대가 넘 약한차,1
한국GM,티코,저거사면 유턴용 목장갑 주는데 ㅋㅋ,2
한국GM,티코,과속방지턱 잘 못 넘음 훨이 휘어서 못탐,1
한국GM,티코,스즈키 알토 국내 출시,3
한국GM,티코,원조:스즈키 알토,1
한국GM,티코,북한을 보는것 같은 어새함...ㅋㅋㅋ,2
한국GM,티코,앞에 3명탄거 같은데 머지 잘못본거?,4
한국GM,티코,자동차가아니라 무슨 신흥종교 부흥회같은데,2
한국GM,티코,자막 너무하네티코가 불량품도 아니고 시종일관 놀리기만 하는 건 좀,1
한국GM,티코,영상에 나온 차 아직도 있나?,1
한국GM,티코,왜 내가 민망하지?,1
한국GM,티코,사고남 황천가는 쓰레기차...,1
한국GM,티코,뭐이리 북한같냐ㅋㅋㅋㅋㅋㅋ,2
한국GM,티코,30년전,4
한국GM,티코,Tiko eng zo'ri 🇺🇿🇺🇿🇺🇿🇺🇿🇺🇿,2
한국GM,티코,지금도   있던데,2
한국GM,티코,ㅎㅎㅎ,2
한국GM,티코,자료화면가지고 이러기야??ㅋㅋㅋ,2
한국GM,티코,짜증날정도로 시끄럽네...저시절에는 짜증안났을까..,1
한국GM,티코,북한인줄,1
한국GM,티코,왠지모를 부끄러움은 나의 몫인가....,1
한국GM,티코,소리 안나면 중국인줄...,3
한국GM,티코,1:07누님 이쁜데?????,1
한국GM,티코,????,1
한국GM,티코,자동차 쇼케이스에 풍악대 부르고 난리났네 저런 쪼맨한 차는 다신 만들지 말아요 저게 차냐 장난감이냐,1
한국GM,티코,GM의 청사진 흥미롭네요,1
한국GM,티코,선좋아요.구독.알람후시청^^,1
한국GM,티코,기자님 리페르용...,1
한국GM,티코,제목그대로 한국에서 잘해보슈.,6
한국GM,티코,1:24 리브헤어가 아니라 립벨 아닌가요? 독일어 일텐데,1
한국GM,티코,다알 갈거니까~~~~~,3
한국GM,티코,05:30,1
한국GM,티코,Euv도 다시들어올때 히트펌프달고들어와랏 ㅠ,4
한국GM,티코,다들 계획이 있다 테슬라를 만나기전까진,1
한국GM,티코,이야 티코를 다시 볼 수 있다니... 전설급 차인데ㅎㅎ,34
한국GM,티코,릭 형님이였으면  한숨 쉬면서 50만원 불렀다,150
한국GM,티코,티코 2년탔었는데...태풍매미때 날아가는줄 알았네요...다마스2 갈아타면서 폐차했는데..폐차비로 30만원 받았네요.  차는 진짜 잘나가는듯...에어컨키면 후달...,4
한국GM,티코,데프콘 형님 마무리 센스 지리고 갑니다,11
한국GM,티코,뒤에 이니셜디 컨셉 티코 있지만 얼마전에 머플러 4개에 와타나베 휠에 두부차 도색에 데칼까지 해놓은 티코 봣는데 나름 멋있었음,6
한국GM,티코,저렇게 파는 것보단.. 리스토어 한 차량 원하시는 분 찾고 만나서 파는게 파는 사람도 사는 사람도 금액적으로 손해보지 않고 좋은 차 사실 수 있으루거 같네요 ,4
한국GM,티코,티코 중고가는 최저점을 찍고 다시 상승하고 있습니다만 500은 좀 순정상태로 그대로 잘 보관됐을때 최대 150정도가 맞는것 같습니다,33
한국GM,티코,저희도 리뷰 해봤는데 티코는 추억을 아주 잔뜩 머금고 있더군요 ㅎ 잘 보고 갑니다^^,1
한국GM,티코,티코 시동걸고 운전하는데 안굴러간다고해서 보니 바닥에 껌붙어있어서 안굴러갔다는 구전으로만 전해지는 전설이 있죠,4
한국GM,티코,1993년 처음 취직한 삼촌이 산 깡통티코가 생각남.데크도 라디오기능만라디오 안테나도 수동에어컨은 당근 없고 ㅋ어머니가 할부로 사주신내 386 샴숑알라딘데스크탑보다 쌌었음.진짜 국민차 ㅋ,3
한국GM,티코,티코를 380에? 순정도 아닌 차를? 일본 3세대 알토랑 똑같은 차를 380이나 부르다니....와....클래식카는 튜닝해놓으면 가치 다 날아가는건데 대단하다 진심....,6
한국GM,티코,티코 몰았썼다. 지금이 아니면 언제 이런 작은 차를 타겠나? 하는 맘으로 샀던 티코. 완전 경제적이고 신발처럼 탈수 있었던 나의 복차였다!!500도 안비싸다. 쓸수록 남는차 티코!!!,3
한국GM,티코,집앞 교회 주차장에 스티커 덕지덕지 바른 자메이카스러운 초록 티코 한 대 있는 거 봤는데 이젠 희귀한 애였구나....,207
한국GM,티코,정말 추억이 많고 소장용으로 피규어마냥 전시할꺼아니면 200도 딱히...,3
한국GM,티코,지금 안전과 배기기준에 한참 못미치는 차죠. 그냥 좋은 기억으로 남기시길….,1
한국GM,티코,손잡이 돌려서 창문여는 감성은 절대 못잊지ㅋㅋㅋ,2
한국GM,티코,17만키로면 엔진과 밋션 한번 고장나면    수리비가 더 나올듯,1
한국GM,티코,티코디자인으로 전지차 나와도 좋을듯요 2인숭 초소형전기차보다 약간 큰 개념으로요,2
한국GM,티코,시골에서 생각보다 자주 볼수있어요 가끔 교차로보면 팔기도 해요..,2
한국GM,티코,티코 컨트리처럼 suv로 나왔어도 괜찮았을텐데,2
한국GM,티코,이거 우리 집 지하에 썬팅도 안한 순정에 상태 개좋은거 있는데 ㅋㅋㅋㅋㅋㅋㅋ 86대라니 좀 놀라운걸?,5
한국GM,티코,올드카는 희소성이 중요한거임. 저 정도 관리된차라면 300~500의 가치는 충분하다고생각됨. 튜닝을 하지 않았다면 더 가치가 있겠지만... 당시 년식차 중에서는 가장 인지도 나희소성 인기가 많은 올드카이므로 국내86대의 희귀 올드카 대우를 받을만함.,4
한국GM,티코,동네에 두 대 정도 있어서 꽤 많이 남은줄 알았는데 의외네요,1
한국GM,티코,"한때 국민차라 불렸던 티X 지금도 거의 찾아보기가 힘들지만, 나중에 유레카로 남을꺼에요 그때가면 가격 후덜덜..",1
한국GM,티코,몇십년 안지난거같은데 티코가 저렇게 옛날차느낌이 많이나면요즘 차 ㅈㄴ빨리 발전한거네,1
한국GM,티코,"저희동네에 저색깔 오리지날 풀 오리지날 부품으로 보이는 티코 있어요! 대관령언덕을 에어컨키고 올라간다는 1세대 프라이드도 있고, 폰티악 97년식도 돌아다녀요! 시골에는 포니2도 다녀요!",1
한국GM,티코,나 회사 후배가 2008년까지 타고 다녔는데..진심 자유로 70키로 이상 주행시 생명의 위험을 느끼고 거의 바닥에 기어가는 느낌이라..아..람보르를 타면 이런 기분이겠구나 했는데..ㅋㅋ,1
한국GM,티코,티코가 가볍게 만들었지만 그만큼 사고나면 죽을수도있음,4
한국GM,티코,보통 올드카라고 비싸게 팔린애들은 주행거리도 짧고 보존상태가 좋지요. 교체하게 되더라도 순정으로 교체하구요,1
한국GM,티코,좋은차가 오래되어야 빈티지지 그당시 우리나라 차 구렸는데 구린차가 오래되었다고 빈티지 취급받는건 힘듦. 딱 저 가격이 적정이었다,2
한국GM,티코,티코 집앞에 하나 항상 주차되어잇는데 귀한거였구나 ㅋㅋㅋㅋ,10
한국GM,티코,상하 잠금 버튼은 국내에서는 사라졌지만벤츠와 bmw 차들은 아직도 계속 들어갑니다.심지어 bmw가 인수한 롤스로이스 차들에도 달려있습니다.,7
한국GM,티코,30년 살면서 티코가 이뻐보이는건 처음이다ㅋㅋㅋㅋㅋㅋㅋ,19
한국GM,티코,시간이 지나도 어차피 티코는 티코일뿐 각그랜저나 포니정도면 모를까 가격이 크게 오르진않을꺼라 봅니다,4
한국GM,티코,20년전에 93년식 10만키로탄 티코수동40만원주고사서 영동고속도로타고 경포대갔다오는길에 집중호우만나서 돌고 눈길에 돌고 비오는데 와이퍼끼리 ET손가락을 하는 바람에 내 꼭지가 돌았었던 그차,6
한국GM,티코,티코 풀가속 때리는거 자전거로 따라잡을수 있을거 같다,2
한국GM,티코,"전문가 판매자 둘 다 미스가 있는게, 전문가는 레트로 매니아 쪽이어야했고, 판매자는 튜닝 자체가 미스였음",2
한국GM,티코,"커스텀을 너무 많이했네올드카는 진짜 원본, 오리지날을얼마나 잘 보존했느냐가 중요한데껍데기만 멀쩡하지내부는 완전 티코가 아니잖아",432
한국GM,티코,기름 냄새만 맡아도 굴러 간다던 티코 ㅋㅋㅋㅋ,85
한국GM,티코,38세에서 놀랐다 티코보다,186
한국GM,티코,"세계가 놀란 독일 아우토반에서의 티코 이야기   어느 한적한 오후....   독일의 아우토반을 달리던 우리의 자랑스런 티코가 그만 고장으로 갓길에 정차중이였다.   아시는 분은 아시겠지만 독일은 히치하이킹 처럼 길에서 손을 흔들어 방향만 맞으면 누구나 누구나 태워주는 분위기 좋은 나라이다. 하여튼 우리의 티코 운전자는 고속도로이긴 하지만   손을 흔들어 일단 아우토반을 빠져나갈 생각으로 하치하이킹을 시도했다. 몇대의 차가 지나가고 드디어 나타난 티코의 구세주~! 멋진 벤츠를 끌고 등장했다. 벤츠 : 아.. 차가 고장이 났군요.. 제가 도와 드릴 일은 없나요?? 티코 : 정말 고맙습니다. 제 차를 다른 톨게이트까지만 끌어다 주시면 제가 견인차를 불러 제 차를 옮길수 있을텐데요.. 부탁 좀 드릴께요.. 벤츠 운전자는 왕년의 카레이서로서 자신의 벤츠를 자랑하고 싶었다.   그리고 딱 보아하니깐 티코는 자신의 차로 끌어도 아무 무리 없어 보이기두 해서   자신의 차로 직접 끌고 다음 톨게이트까지 데려다 주겠다고 말한뒤. 벤츠 : 제가 너무 빨리 달린다고 생각하시면 뒤에서 경적을 울려주세요.. 그럼 천천히 달릴께요.. 라고 말했다. 한참을 그렇게 다음 톨게이트 까지 가고 있는데.. 난데없이 뒤에서 포르쉐가 200km 의 속력으로 쒜~엥! 지나가는게 아닌가? 이에 열받은 왕년의 카레이서 벤츠 운전자~!   뒤에 티코를 매달고 있다는 사실을 잊은 채 순간적으로 흥분해서 포르쉐와 경쟁을 버리게 됐다.   벤츠와 포르쉐는 정말 빨랐다. 포르쉐가 250km를 넘어서자 벤츠 역시 250km로 달리면서 영화에서나 보던 대추격전을 벌이며 아우토반의 끝까지 달리게 되었다.   그 사건이 있은후 3개월 후......대우의 직원이 독일의 티코 시장조사를 위해 독일에 갔다... 근데 이게 웬일인가?   아우토반을 달리는 차 중 40~50% 정도가 티코인 것이다.   대우 직원은 예상치 못했던 티코의 열풍에 너무 놀라 이 상황이 어떻게 이루어진것인지를 수소문하여 그때 사건을 직접 목격한 어느 운전자를 만날 수 있었다. 목격자 : "" 내가 그날 아우토반을 달리고 있었지.. 나도 한 스피드 하는 놈이라 200km 정도로 스피드를 즐기고 있는데.. 갑자기 뒤에서 포르쉐하고 벤츠가 250km 넘는 속도로 내옆을 쒜~엥 하고 지나가는게 아니겠어? 그런데 그 벤츠 뒤를 티코가 바짝 붙어서 똑같은 속도로 달리고 있는거야...   그 3대가 온 아우토반을 자기 무대인 것처럼 휘젓고 다녔지.. ""   대우 직원은 티코가 250km로 달렸다는 데 의아해 하지 않을 수 없었지만 끝까지 얘기를 들었다. 목격자 : "" 그런데 더 놀라운 건 그 벤츠 뒤를 바짝 뒤쫓던 티코가 글쎄 ... ...... 경적을 마구 올리며 그 벤츠와 포르쉐를 비키라고 하는게 아니겠어? ㅋㅋㅋㅋㅋㅋㅋㅋㅋㅋㅋㅋㅋㅋㅋㅋㅋㅋㅋㅋㅋㅋㅋㅋㅋㅋㅋㅋㅋㅋㅋㅋㅋㅋ ""   티코 운전자 : 씨바아아아아아아아아아아아알---!!!!! 사ㄹ려줘어어어어!!!!!!!!!!11111",205
한국GM,티코,38세라니... 더 놀랍네..ㄷㄷㄷ,2
한국GM,티코,사고나서 찌그러지면 창문 다 닫고 배기통?에 바람 불어넣으면 다시 펴진다는 전설의 차,120
한국GM,티코,커브 돌때 손 짚고 돌아야 한다는 그 차군요,1
한국GM,티코,ㅋㅋㅋㅋㅋ 2010년도 티코 50만원에 사던 형 있었는대 ㅋㅋㅋ 다음해에 학교 축제에 만원씩 받고 차 때려뿌수기 하고 폐차로 20만원 받음,6
한국GM,티코,120만원 있으나마나지 희귀차량 소유의 자부심과 뿌듯함은 500만가량 할듯..,1
한국GM,티코,헐 아재포차 사장님 ㅋㅋㅋㅋㅋㅋ 이분 티코 매니아이십니다 ㅋㅋ,2
한국GM,티코,진짜 과속방지턱 높은거 만나면 겁나 무서웠는데 ㅋㅋㅋㅋㅋ,2
한국GM,티코,맞아 올드카는 순정이 진리지...,2
한국GM,티코,"올드카에 미쳤었는데, 동남아 가보니깐 저런 차들 넘치더라...티코는 특히 스즈키 알토 모델이 현존 하기때문에 확깨더라",7
한국GM,티코,그냥 팔지말고 존버더해서 박물관테크 타는것도 괜찮을듯,2
한국GM,티코,볼만하네. 요즘 점점 이 방송 괜찮아짐,3
한국GM,티코,"우리나라에서는... 티코는 그냥 티코일뿐.. 120도 많이 주는것이라고, 생각된다..하부를 보지는 않았지만, 아무리 관리를 잘한 차량이라도 부식은 진해중일듯..저 차량 판매를 그래도 잘 하려면, 매니아층을 노려야...할듯 하다.우리나라에서는, 감성으로, 차를 구경할수는 있어도 판매는 할수없다.",24
한국GM,티코,86대는 잘못된 정보 같고요(인터넷 찾아봐도 100대는 넘음) 다른 기사에선 약 12000대였나 그랬는데 그정도까진 아니더라도 1000~2000대 정도가 아닐까 싶습니다.,7
한국GM,티코,99년 대학생때 타던 티코.. .이거 타고 대관령도 넘어서 동해바다 보러 가기도 했었는데..,1
한국GM,티코,티코...크으으으으   추억이 새록 새록 ㅎㅎ,1
한국GM,티코,리스토어 하시는 분들 생각이 내가 이만큼 돈 들였으니깐 받겠지? 라고 생각하면 절대 안됨.매입 하는 분들은 그런차 사지도 않고 순정이 쵝오ㅋㅋ,26
한국GM,티코,희소성이 올라가면서 많이 비싸졌네요 10년전만해도 50만원에 살수있었는데,1
한국GM,티코,이프로그램 참 귀여워ㅋㅋ 백형 따라하는거지만ㅋ,7
한국GM,티코,저 차를 500만원에 팔려고 생각하는것도 ㄷㄷ 하다,152
한국GM,티코,상태 좋은 포니라면 500 받을수 있음~티코는 전설이 되기엔....너무 국민이다 ㅋㅋㅋ,16
한국GM,티코,커스텀은 그냥... 폐차때까지 쓸 차나... 그거 아니면.. 그냥.. 순정으로 되도록 해놔야지..,4
한국GM,티코,티코 전기차로 개조하고 싶네,1
한국GM,티코,잘은 모르지만 자동차는 튜닝이나 커스텀 되어 있으면 차값 제대로 받기 힘든 걸로 아는데...,2
한국GM,티코,아무리 새차라도 저걸 500이나 주고 사고싶은 맘은 없다,2
한국GM,티코,근데 요즘 실내 목재커스텀 많아하는데 사고나면 엄청 다칠꺼 같은데...,2
한국GM,티코,티코가 그렇게 귀한차로 인정받을만큼 오래된것도아닌데86대가 잇다는건 좀 의외네,1
한국GM,티코,15년전 동기형님이 티코를 30주고 삿는데  뒷자석 발밑에 일제 오디오가 있었는데 팔았더니 70이였다고ㅋㅋㅋ,1
한국GM,티코,주면 타는데 50~100이 적정가라 생각함,1
한국GM,티코,개인적으로 저 분은 안 팔기 잘했다고 본다. 희소의 가치는 생각보다 크다. 잘 관리하시길.,1
한국GM,티코,초기형에 휠커버 살아있고 1자리 지번까지 더하면 1000만원대 까지 간다고 압니다.,1
한국GM,티코,티코 97년식 차를 17만키로 타고 5백만을 부르네… ㄷ,1
한국GM,티코,티코보다 나이가 더 놀랍다 ㅋㅋㅋㅋㅋ,2
한국GM,티코,2006년식 그랜져tg를 100만원에 팔았는데 맙소사.....................,1
한국GM,티코,대한민국 경차의 지존...티코....~~~~~,3
한국GM,티코,버튼눌러서 창문여닫는거 첨봤을때 진짜 충격적이었지,1
한국GM,티코,앞으로 십년만 잘 버티면 대박날듯ㅋㅋ,1
한국GM,티코,나 차없을때 사장이 폐차장에서 굴러오는거 몇십만원 주고 출퇴근하라고 줬었는데ㅋㅋ티코 차고가 낮아서 속도감쩔고 기름냄새만 맞아도 가는차 ㅋㅋ,1
한국GM,티코,항상 느끼는건데 최소한 전문가 한둘은 옆에 두고 진행해야되는거 아니냐,3
한국GM,티코,어릴적에 잘못주차된 티코를 어른5명이서 들어서 이동사키는걸 봤죠...ㅋㅋㅋㅋ,2
한국GM,티코,순정이 최고지 안팔거라 느꼈다,2
한국GM,티코,수동24.1km 연비라니 ㄷㄷ,1
한국GM,티코,아직 우리나라는 보이지않는 가치에대한 가격이 좀짜네 .. 음 거품이없는게 좋은거같기두하구,30
한국GM,티코,티고 관리잘됫건 350만원에도 거래되고있습니다.,1
한국GM,티코,근대 그때당시 웃긴게.티코는 97년식도캬브레타인데 누비라는 mpi시스템이라는...아무래도 시장성이라지만 지금생각해보면 웃김 ㅋㅋ누비라도97년식근데 국산차는 철판이 아연 합금비율도다르고 잘삭는데다 방청은 없음 이너왁스같은거,1
한국GM,티코,티코 멋져요,1
한국GM,티코,커스텀 할려고 많이 구하긴하는데비싸봤자300 선이던데...,1
한국GM,티코,중고차도리들이나  데프콘 이나  차살때 가격 후려칠라는건 어찌 할수가 없구나,1
한국GM,티코,미술쌤이 타고 다니는 건데 흔할줄 알았는데 안 흔하구나,1
한국GM,티코,제주도민인데 제주에 티코 은근 많이 굴러다니는데..ㅎ,1
한국GM,티코,하...... 핸들의 싼티가 고전 레트로 감성을 무너뜨렸다....,1
한국GM,티코,옛날 고등학교선생님이 티코타고다니셨는데 의자는 딱딱하고 창문도 수동에 바람불면 날아갈것같이 가벼워서 가끔씩 태워주실때마다 불안했다,1
한국GM,티코,와 저차가 아직 낭아있구나ㅋㅋㅋ,1
한국GM,티코,오토바이랑 박아도 티코탑승자가 죽는다는 전설의 그 차. 참고로 티코 6년전에 50만원이면 구할수있었음.,3
한국GM,티코,티코 중고차 150-350 만원으로 올라와 있네. 아무리  상태 좋아도 다른 사람들은 500만원은 쉽게 공감 못할듯.,1
한국GM,티코,98년도 IMF 때에 제일 싼 스틱 기본형 299만원 주고 샀는데......하핫,2
한국GM,티코,차주님...  저두 38세 동갑이지만 그냥 형님이라고 부르겠습니다.. 이유는 묻지마시구요 그냥 형님이십니다....,3
한국GM,티코,500은 오바임..아직 매물도 더러 올라오는데..생각보다 티코 아직 현역으로 타시는분 많이 있어요 그리고 올드카인데 순정이 아닌부분이 너무 많아서 값어치가 많이 떨어짐,2
한국GM,티코,아 국딩때 친구어머님 이거 모셨는데 코너 돌때 한쪽으로 쏠리면 바퀴가 들렸었지 이땐몰랐는데 사고나면 즉사하는 차량범퍼카 수준유행했던 티코와 그랜져 차주 시리즈 아 추억 돋네안테나 많이 꺾어갔지창문 열기 빡셌던 시절승차감 - 쇽이 아예 없는것 같은,1
한국GM,티코,500에서 놀랐다...풀컨디션이여도 잘 쳐줘도 100이다..게다가 순정이 아니라면 의미가 없다..껍데기만 티콘데..방송인식해서 풀셋팅하신듯한데ㅋㅋ,1
한국GM,티코,"그냥 차 상태와 원가격대비 가치만 내리고, 희귀성에 대한 평가는 1도 없는듯. 그나마도 딜러보다 더 깎음 ㄷㄷ",2
한국GM,티코,다마스 차에 관한 것입니다 ️️️,2
한국GM,티코,근데.. 순정 그대로 보존 할려면 차를 타면 안되는데.... 타다보니 노후되고 애정이있으니 바꾼거 아닌가??? 암튼 최대한 순정상태로 복원 튜닝을 했으면 더 좋았을텐데..... 그리고 신차나 구형차나 리스토어차량이나 튜닝가격은 중고 시장에서 가격 안쳐주는건 전국민이 다아는거 아님???,1
한국GM,티코,차 상태 저정도면 년식에 비해서 S급아님?물론 튜닝한부분에서 좀 가격부분에 영향은 적잖게 있겠지만일반적인 중고차(상태좋은) 기준으로 너무 후려치니까 당연히 나같아도 그 가격에는 못팔지중고차딜러와 차량점검하는 사람불러다가 그냥 그 사람들이 부르는대로 그것대로 따라가는생각없는 매입도 문제라고 봅니다.년식비례해서 저렇게 반질거리는 윤기가진차가 얼마나 되는것 같아요?그럴거면 가져가서 못한부분 수리해서 팔면 그건 또 수리했다고 뭐라고 하려나?이번것은 안파는게 맞다고 봐요근데 마이크는 돌려주고 가야지.,1
한국GM,티코,중고 파는 사람들 문제 자기가 투자한 금액까지 받으려 한다. 순정 가격을 베이스로 두고 팔아야지 투자금 회수를 목표로 팔면 안되는거야,95
한국GM,티코,올드카는 마음에 들면 정해진 가격이 없고 애착이 가고 갔고 싶으면 가격 떠나서 지르는 것이다,1
한국GM,티코,포터 더블캡은 아직도 창문 돌려서 연다...,7
한국GM,티코,오리지널이 더 가치가 높다 튜닝해놓고 돈 다받겠단건 너무 이기적인 생각이다 오리지널 이라면 못해도 400은 되겠지 ㅋ,55
한국GM,티코,올드카 전문가가... 정비사와 중고 딜러라니..........,2
한국GM,티코,솔직히 티코 5백만원 판다는게 제정신인가ㅋㅋㅋㅋㅋㅋㅋㅋ,38
한국GM,티코,38살인게 레전드,2
한국GM,티코,릭: 워우 오늘은 97년식  티코가 있다는 얘기에 멀리까지 왔죠... 지금은 찾아볼수 없는 희귀 차량입니다릭: 워우 보존 상태가 굉장히 양호하네요 주행 한번 해봐도 될까요?(주행중)옛날 이런차가 앞에서 천천히 간다고 절대 빵빵 거려선 안됐어요 가끔씩 무서운 형들이 우루루 내렸죠 헿헿헿 릭: 주행에는 문제가 없네요 .. 얼마 생각하시나요판: 4500불릭: (깊은한숨스킬 시전) 츠츳츠츳츠 4500불이라 감정을 받아봐도 될까요? 올드카에 대해선 모르는게 없는 친구입니다판: 물론이죠감: 97년식  티코가 있다는 얘기에 당장에 달려왔어요 .. 지금은 몇대 없으니 말이죠(감정중) 감: 아 누유가 있네요 거기에 부식된 부분도 좀 있고요 순정도 아니라 가치가 떨어지죠 올드카는 옛날 상태일때 가격에 프리미엄이 붙어요 아마 이차를 산다면 1000달러쯤은 복원에 써야겠죠 복원을 한다면 약 소매가로 1500불 정도 할겁니다릭: 고마워요감: 천만에요 ----------------------------------------------릭: 200불 드리죠 복원에도 천달러 이상 들어가고 올드카라기엔 튜닝된 부분이 있어 메리트가 없는 차량입니다판: (할말하않) 그가격엔 못팔겠네요 저의 추억이 담긴 차입니다릭: 이해해요 방문해주셔서 감사합니다,3
한국GM,티코,옛날 살던 동네 세탁소 아저씨가 티코타고 댕기셨었는데...아련...,1
한국GM,티코,50~80선 컷,1
한국GM,티코,옛날 우리 사촌누나가  면허 갓 따고  티코 중고로 40만에 사서  한 1년반 타고 다니다가 폐차 했다고 했엇는데 ㅋㅋㅋ,1
한국GM,티코,빛나리=반값,1
한국GM,티코,티코도 놀랍지만 판매자가 38세라는것에 두번 놀라게 된다.무슨일이 있었던겁니까,2
한국GM,티코,"올드카는 그냥 차주의 가치관에 따라 타는거지 뭐. 팔려는 가격과 사려는 가격의 갭이 크면 안팔리고 결국 안고 가는거죠. 가치가 없다고 느끼는 저와 같은 사람은 그냥 가져가래도 안탑니다. 보험료, 자동차세가 하늘에서 떨어지는 것도 아니구요.",1
한국GM,티코,딜러 매입가가 200이면 팔때는 300넘는 다는건데 80으로 시작하는건 좀 아니지 않나? 순정a급이 500선에서 거래되는데 나무 후려까는듯,2
한국GM,티코,티코 팔아서 우리가족 삼겹살 먹고나니 남는 돈 없던 기억이 ㅋㅋ,1
한국GM,티코,순정이면 가치있어도 튜닝은 별로 가치없지,2
한국GM,티코,티코 타고  죽은 사람들 진짜 많은데 아는 지인들만 해도 여럿,2
한국GM,티코,중학생때 같이 등교하던 친구 발을 티코가 밟고 갔는데 운전하던 아주머니 내려서 안절부절 못했는데 멀쩡했음,2
한국GM,티코,저차 충돌테스트 그 당시도했나요? ㅋㅋ안전한지 궁금하네요 ㅋㅋ,2
한국GM,티코,아니 저차를 500에팔려고... 와... 차주분 양심..,1
한국GM,티코,이모집 놀라가는길에 하얀색 순정티코 하나 봤었는데.. 많이 안남았구나 이제....,1
한국GM,티코,저걸 누가 380에 사냐? ㅋㅋㅋㅋ 이 좋은 기회를 놓쳐버리네...,1
한국GM,티코,원래 쓰레기도 처분하려면 돈이 듦,2
한국GM,티코,클래식카도 오래되고 희소성있다고 다 비싼거 아냐 가치가 있어야지 도자기도 오래된거 생각보다 엄청 많은데 비싼 골동품 도자기는 만들당시에도 품질과 때깔이 좋고 현대에봐도 오래된거란걸 빼고봐도 가치있고 예뻐서 비싼거지....티코가 아무리 오래되고 희소성이 넘쳐도 500은 뒤진 소리지....,1
한국GM,티코,"판매자 : 마이크를 팖, 이로써 판매자만 이득",1
한국GM,티코,근데 500만원도 오바긴하지만 굶어죽을상황아니면 120만원에 팔바엔 당연히 안파는게 낫지 ㅋㅋ ..어자피.세금 보험료 부분은 혜자 수준이니...미쳤다고 120팔겠어??...,1
한국GM,티코,희소성을 간과 하네저런차는 오래될수록 가격이오르는데중고차로 생각하네70년대 포니 상태 양호한게 얼마인지 모르는 모양,1
한국GM,티코,티코 무파워라 운전하기 쉽지않음 내가 2008년도에 팔때 47만원받았는데 갈 수록 비싸지는 골동품이라,1
한국GM,티코,Sm520보다 비싼 티코...그당시 티코랑 sm520은..;;...지금은 반대구낭...,1
한국GM,티코,차주 500도 노양심이긴 하다만 어차피 티코 사서 타고 다닐 사람이 원래 차주나 저런 동호회 말고 얼마나 된다고...걍 수집가 소장용쯤 될거 같은대 중고차 딜러가 너무 판매용으로 불렀고 거기에 릭노스 스킬 쓰면... ㅋㅋㅋ,11
한국GM,티코,티코그래도2000년대초반에는 꽤보였는데,1
한국GM,티코,한 150만원까지 조정해서 팔았어야지ㅋㅋ,1
한국GM,티코,십년전에 삼십주고 싼기억이 ㅎㅎ,1
한국GM,티코,진짜 티코본지오래됐다ㅋㅋ,1
한국GM,티코,미니 쿠퍼보면 티코 생각남 ㅎ,1
한국GM,티코,저 86대 중 하나가 우리 아파트 주차장에 있습니다 ㄷㄷ,1
한국GM,티코,티코가 86대밖에 없어요? ㄷㄷ,3
한국GM,티코,96년이 먼 올드카야 70년도 정도는 되야...,31
한국GM,티코,옛날차는 누유가 당연 있다.,1
한국GM,티코,티코 타고 친구들한테 가도 친구들 한숨 쉴 것 같은데.ㅋㅋ내차 G4렉스턴인데 연비는 좀 먹어도 안전이 최고다. 티코 저거 타고 다니다가 사고 나면 염라대왕 2번 보겠지.,1
한국GM,티코,대우는 해외에서 배운거 단하나도없이 순수 국산기술력으로 만든건데 그만큼 조잡하고 단순한 차들이 많았음 말그대로 서민자동차 기업 ... 70년대 미국에서 차 미친듯이 찍어낼때 그런 수준의 차를 90년대에 만들고있으니 경쟁이 안됫음,1
한국GM,티코,예전에 이모가 저차 팔려고갔다가 그냥 고철값 받고오셨는데...ㅋㅋㅋ,1
한국GM,티코,와~~티코판매분!!머리가 역으로 자라시네~^^,2
한국GM,티코,달리다 껌밟으면 멈춘다는 국민경차 티코~,1
한국GM,티코,우리나라는 아직 올드카에 대한 이미지가 안좋다,3
한국GM,티코,예전에 도로에서 벤츠하고 박고나서  차키를 있는 줬다는 우담이 있었지...,1
한국GM,티코,나도 어릴때 티코가 발밝고 지나간적 있는데 ㅋㅋㅋㅋ 초등학생때인데도 1도 안다쳤음 ㅋㅋ,2
한국GM,티코,출퇴근용으로 사고 싶다.,1
한국GM,티코,티코는 디자인이 올드한거고 올드카는 아니야 옛날에는 많이 돌아다녀서 올드해 보이지 않았던거여,1
한국GM,티코,썸네일이 반짝 거려서 지나칠 수 없었읍니다,4
한국GM,티코,일반 중고매장에 팔면 사지도 않겠지만 100만원도 못받을텐데,9
한국GM,티코,저거 잘팔아봐야 100만원이고 폐차장 안가면 다행임,4
한국GM,티코,우리아파트에도 튜닝티코 몇년간 짱박혀둔 사람 있는데.... 이거 보고 처분좀 하시길..,2
한국GM,티코,학교가는길에 박혀있는 티코있는데 몇대없는 차구나,1
한국GM,티코,레귤레이터 손잡이 최근 봉고 더블캡 뒷자석에도 있던데....?,1
한국GM,티코,S급티코면 500만원에도 산다.,1
한국GM,티코,165도 솔직히 많이 쳐준거지 티코 팔리지도 않는차인데 400만원이면 10년된 아반떼 중고차들이 그정도 함,1
한국GM,티코,전문가도 165인데.. 적어도 그 두배를 받아내려고 한게.. 좀 괘씸하다,1
한국GM,티코,기름 냉새만 맡아도 간다던 차,1
한국GM,티코,카센터에서도 가장힘들어하는차,1
한국GM,티코,ㅋㅋ미침거 아닌가?이차를 500만원 생각한단다ㅎㅎ,1
한국GM,티코,티코가 우리나라에서 플라스틱 제일 많이들어간차 맞죠?,2
한국GM,티코,허허.... 폐차비가 더 나올거 같은데....,1
한국GM,티코,500에 파는 중고차봐야 할듯 판매자는 ㅋㅋㅋKf94마스크보다 더하네...,3
한국GM,티코,에어컨 옵션이라서 사제로 조수석밑에 에어컨 달고 그랬지..,1
한국GM,티코,겨우 티코? 현대 포니 트럭스타일 정도는 나와 줘야지 형.,1
한국GM,티코,저거 탈려고 구입하기 보다 수집한다는 의미겠지요.,2
한국GM,티코,저걸120에 사는게 정상이냐 희귀성에서 기본500이상이다,1
한국GM,티코,안파라야 정상이지 200정도는 차 가질사람 하고 외치면 사줄사람 얼마든지 있어!,40
한국GM,티코,그냥 팔지 말고 오랜동안 소장 하세요.,3
한국GM,티코,우리아빠차가 86대중에 한대였었다니,1
한국GM,티코,우리집 아파트 지하주차장에  3년째 번호판없는 티코 방치중이던데,1
한국GM,티코,티코 아직많음 올드카가격을 생각하면 안됨,64
한국GM,티코,티코네. 저번에 길가다 티코 있길레.와..저게아직 있네...ㄷㄷ 했는데.ㅋㅋㅋㅋ,2
한국GM,티코,이러다 다음은 포니 나오는거 아냐?,1
한국GM,티코,와... 저얼굴에 83년생이라고? 데프콘보다 6살 연하네 ㅋㅋㅋ,49
한국GM,티코,ㅁㅊ 120은 해도 너무 후려쳤다 ㅋㅋㅋ 다 썩은것도 120으로 못구함,1
한국GM,티코,올드카는 순정이지 저건 너무 튜닝 많이 했잔아.. 120만원도 너무 비싸,7
한국GM,티코,이형 영상에서 빡바기가 안나오는 영상을 본적이 없는거같어,1
한국GM,티코,10년 더 가지고있는게 나을듯,1
한국GM,티코,전국에 80대가량이면 희귀한게 아니잖아?,4
한국GM,티코,ㅇ ㅏ ㅎ ㅏ~~~이게 한때 냉장고를 구매하면 경품으로 준다던 그것?,16
한국GM,티코,86대요?? 동내에만 있는 티코가 7대정돈데..... y2쏘나타도 86대보단 많아요,1
한국GM,티코,티코는 3만원 주면 산다고 하던데,1
한국GM,티코,500만원? ㅋㅋㅋ 멋들어진 유명 클래식카 종류라면 가격 높을수 있지만 티코는 그냥 구형 똥차아님?사주는게 고마운거지. ㅋㅋ,1
한국GM,티코,120도 비싸네.. 50만원도 안되겠네..,1
한국GM,티코,창 밖으로 손 내밀면 하늘을 날 수 있다던....,1
한국GM,티코,300에 사고 500에 판다창조경제,1
한국GM,티코,티코 중고 가격 신발값보다 쌌었는데,1
한국GM,티코,미국이나 유럽이였다면 천~3천까지는 받았을 듯....한국인들은 희소성이나 귀한걸 아직 모름...수집 취미 있는 사람도 없고...아직  나라가 가난해서..,4
한국GM,티코,뒤로 땡겼다가 놓으면 앞으로 나간다는 소문이 있었지.,1
한국GM,티코,차량 성능으로 팔면 당연히 값안쳐주는거고올드카로 판다? 저걸 누가 올드카로 삼..순정이 아니라 다 뜯어서 바꾼 수준이구만올드카는 순정의 감성이나 희귀성때문에 가치가 있는건데.. 그냥 껍데기만 티코구만,2
한국GM,티코,그립다 티고 휘발류냄새만 맡아도 가던,1
한국GM,티코,솔직히 요즘 경차보다 디자인은 더 나은 것 같은데? ㅋ,3
한국GM,티코,이형들 폰스타좀 보셨나 시작부터 반똑때고 시작하시는게 ㅋㅋㅋㅋㅋㅋㅋ,2
한국GM,티코,고속도로에서   티코를  추격하던  티뷰론이  휴계소까지 추격했는데 티코 운전자 내리면서  하는말. ..  바람 겁나게 부네,13
한국GM,티코,어릴때 길에서 티코 보이면 먼저 본사람이 티코삐 하면서 옆에 진짜 존나 때렸는데,1
한국GM,티코,사고나면    죽음순위  ..올드카는 그냥    추억으로만.,1
한국GM,티코,서양권은 300년전 500년전 천년전인데 우리는 티코 ㅋㅋㅋㅋㅋㅋㅋㅋㅋㅋㅋㅋㅋ,1
한국GM,티코,양심없는 가격을 부르시네ㅋㅋㅋㅋㅋ,99
한국GM,티코,3:15 나오는 음악 제목 좀 알려주세여!!!! 비정상회담에서도 자히드씨 말할때 나오는 정겨운 음악인데!!!! ㅠㅜ,1
한국GM,티코,관리랑 유지보수에 투자 많이 하신 건 알겠는데 안타깝네 ㅠㅠ,1
한국GM,티코,이거도 많이 쳐준듯 솔직히 티코가 그렇게 까지 무게감 있는 올드카도 아니고 안에도 튜닝해서 큰 가치 없어보임...,4
한국GM,티코,ㅋㅋㅋㅋ 오호~ 이제 좀 흥정하네~,7
한국GM,티코,올드카 반열에 있는차를 딜러가로 판단하는 자체가 잘못된거지 그럴거면 올드카 살생각부터 접고 그냥 싼차 살생각을 해야지 ㅋㅋㅋ 마티즈 싼거많다,1
한국GM,티코,사고나면 바로 다리 절단임..예전에 밀양 표충사 가다가 저거랑 구형 렉스턴이랑 사고났는데 렉스턴은 왼쪽눈깔 한 10cm 정도 푹 들어갔고 티코는 핸들이 뒷자석이랑 뽀뽀하고있었음.. 그거보고 아 저건 네발자전거구나 생각함,3
한국GM,티코,티코 2008년쯤에 50만원에 팔던 거 봤는데 비싸졌누 ㅋ,1
한국GM,티코,브레이크 딜레이 있단소린 살다살다 첨듣네....,1
한국GM,티코,저걸 500에 팔려고 했다니...양심도 없어라....;;,1
한국GM,티코,대한민국에 87대 밖에 없다고 티코가??  저건 s급도 아니자너.. 튜닝카구만.,1
한국GM,티코,티코를 끌고 다니는 이유는 딱 한가지다.이목을 끌기 위함임..솔직히 본인이 개취라고 해도 거기서  90프로 이상이 이목 아니냐?우리 솔직해지자,1
한국GM,티코,우리나라 최초의 경차라는 그런 프라이드는 있지만 저 차의 가격이 500만원? 차부심이 넘어 좀... 그냥 삭아서 녹아 없어질때까지 그냥 본인이 쭉 타시기 바랍니다. 헐~,4
한국GM,티코,620키로면 빡빡이 아저씨가 들수있을거같네,1
한국GM,티코,천대광형 늙으면 저렇게 될라나..,1
한국GM,티코,미쳤네ㅋㅋ 500 ㅋㅋㅋㅋㅋ,2
한국GM,티코,3:32 요즘 상하잠금버튼으로 가는 추세인데 차알못이군요!,1
한국GM,티코,300정도면 300가지고 삼성 전자 주식10년 존버 할듯 ㅡ..ㅡ,1
한국GM,티코,티코가 전국에86대가 있다고요..? 우리집에 두대가 있느ㄴ데...,1
한국GM,티코,아직 티코는 골동품은 아니지 우리나라에서 크게 줄어든 이유가 그냥 해외로 판매 해서 적어진 상태인데 이걸 500이라니,1
한국GM,티코,스윙스 수염기르고 연기하네,1
한국GM,티코,판매자분 장거한 같다ㅋㅋㅋ,4
한국GM,티코,강원도에 티코 많던데..ㅋㅋ,1
한국GM,티코,티코타고 코너링하다 두집혀보신분? 70km속도로 코너링하다 뒤집혀보신분 없으신가요? 나만뒤집혔나? ㅋㅋ,1
한국GM,티코,86대는 좀 구란듯.. 내가 사는 시골에도 있는데..,1
한국GM,티코,울아파트 주차장에도 1대있던데 86대뿐이라니,1
한국GM,티코,줘도 안타 500이면 LF소나타도 산다,1
한국GM,티코,판매자 38살 ㅋㅋㅋㅋ 깜짝놀랬네 ㅋㅋ,1
한국GM,티코,주말마다 경기도 평택에서 전라도 광주까지 5명이서 출퇴근했습니다.그것도 세녹스 넣고 3년간을 탔습니다.,2
한국GM,티코,대형사고 나면 저승사자 만날듯,1
한국GM,티코,160 만은 중곧자 딜러매입가고 ㅗ티코 클레식카 수집가분이든 원하시는분께  개인한테 파세요 400만~가능할듯학니다,1
한국GM,티코,저건 개인이 저런거 좋아하는사람에게 그냥 내놓는게 나을듯,1
한국GM,티코,멋쪄부러요~^^,1
한국GM,티코,타고 가다가 껌 밟으면 안간다는 그차 ㅋ ㅋ,10
한국GM,티코,썸네일 대광이형인줄...ㅋㅋㅋ,15
한국GM,티코,저거 120만원 너무한거여 300원줘야함,1
한국GM,티코,무슨 새차 가격을 받을려구 참나  저분 대체 무슨 생각으로 나왔는지 100 만원이면몰라도,7
한국GM,티코,썸넬 개그맨 이진호가 대머리 가발쓴줄..,3
한국GM,티코,그냥 가는거 개웃기네 ㅋㅋ,1
한국GM,티코,티코 SX모델도 아니고 SL기본이고 그걸 얼마요? 새차값 그대로 받으시려고 하시네요 그렇다고 오리지널 그대로도 아닌고  휠하우스부식 빠다칠해서 살리려나? 그냥 눌르세요 고철값이라도 건지는게...,1
한국GM,티코,우리동네 한대있는데 이게 86대중한대인지몰랏네요,1
한국GM,티코,우리집에 91년식 티코잇는데 아직도 잘나감,1
한국GM,티코,판매자 천대광인줄,1
한국GM,티코,40줄이 안된 사람이라니ㅋㅋㅋㅋ,1
한국GM,티코,? 우리동네에 보라색 티코있는데 이거 개 희귀한건가? 80이상 나오던데 ㅋㅋㅋㅋㅋㅋㅋㅋㅋㅋㅋㅋㅋㅋㅋㅋㅋㅋㅋㅋㅋㅋㅋㅋ,2
한국GM,티코,딜러 너무하네.. 매니아들은 저런차 500백 쉽게 부를건데 .....일반인들 가격을 매기면 어쩌란거지,2
한국GM,티코,머리밀고 수염기른 스윙스인줄ㅋㅋㅋㅋ,1
한국GM,티코,희소성을 무시하면안되죠,1
한국GM,티코,티코 가지고있는게 낫것네,1
한국GM,티코,150이면 충분하지,1
한국GM,티코,이프로는.20만원 이상이면 안산다니가ㅋㅋㅋㅋ,2
한국GM,티코,우리 동내 걸어가다 보면 엉청 많은데 86대 라뇨?,1
한국GM,티코,나같아도 200밑으로 절대 안판다. 희소성 모름?500도 그닥 높아 보이지 않음...,2
한국GM,티코,군복무중인데 86대중 하나를 발견했다 ㅇㅅㅇ... 심지어 군인임...,1
한국GM,티코,500..이면 누가 저걸타.. 스파크를타지 차에 차짜도 모르는 인간들이 추억이라고 쳐 써놓고는 자기는 500도 안아깝다고 댓글들이 많은데 지돈으로 사려고 해봐 저걸 500에 사지나 ㅋㅋㅋ,1
한국GM,티코,아니스벌 ㅋㅋㅋㅋㅋ 누유있고 휀다 재도색 차량을... 튜닝 티코를 500 만원 불러? 차주 좀 너무한거아녀? 중고쟁이 165 만원 참교육,1
한국GM,티코,아니 내부가 개조하고 그랬는대 올드카라고 보기에는 쫌 아니잖아.,1
한국GM,티코,저차 수원 삼성전자 주차장에 세워져있던데...,1
한국GM,티코,스윙스머리 턱에심은건줄알았네 소스가 밑에있는 돈까스 느낌,15
한국GM,티코,500만원은너무많소 4000원쯤합시다.,3
한국GM,티코,120에 사서 중고차 딜러한테 165만원에 팔아야 겨우 45만원만 남는건데두사람 인건비정도 남기고 사겠다는데 안파네ᆢ,2
한국GM,티코,껌붙으면 안간댓던거 그거 작은책에 나옴 ㅋㅋ 그 책같지도않은 책 이엇는데웃긴글 써놓은 ㅋㅋㅋ 기억나네 ㅋㅋㅋ만식인가 먼가,1
한국GM,티코,"티코에  놀라고  38세에  이마를  탁  치고 ,  대머리에   현기증   났다.",1
한국GM,티코,딜러가 인부천이네... 저리 때리나,1
한국GM,티코,인천공항 출퇴근 하다 보면 보이던  하얀색 티코....,1
한국GM,티코,이거 판이 얇아서 고속도로에서 스타렉스만 지나가도 내부 휘청....버스가 지나간다면......,1
한국GM,티코,와 튜닝 존나 많이했네근데 그걸 500ㅋ 돈미새네 ㄹㅇ,29
한국GM,티코,데프콘 다괜찮은데 너무타방송마다 게스트분들 말끊는게너무 신경쓰이네요,1
한국GM,티코,1년 보험료만 몇백일텐데ㅇㅇ,1
한국GM,티코,100만원 줄떄 팔지 ㅋㅋㅋㅋ 티코로 무슨 클래식카 재테크를 한다고,10
한국GM,티코,16년 기준 86대 인데...지금은 절반이나 남았을라나?? 그대론가 ㅋ,1
한국GM,티코,조던4 레트로 서태웅 출시 날짜는 모르겠고요 아주 오래전에 구매한 서태웅 레트로 입니다,1
한국GM,티코,아우토반의 전설..,1
한국GM,티코,86대? 맞음?자주 보이던데?글고 뭐 특이한 한정판처럼 만든거도 아닌 41만대나 쏟아진 싼마이 양산형 차종에 특별한 가치를 부여하는거도 이해못할짓같음,4
한국GM,티코,껌밟으면 앞으로 안간다는 전설의 차,1
한국GM,티코,티코는 클래식카가 아니라 그냥 썩카야...,8
한국GM,티코,38세에 머리는 일몰이고 턱수염은 수북한거에 놀라고마스크를 안 쓴 시절이라고 더더욱 놀랐다..,1
한국GM,티코,지금 다마스가 티코 혈통임.. 그냥 다마스 5밴 구입 하겠어요,1
한국GM,티코,저상태 티코인데 ... 165  ㅋㅋㅋㅋ 중고차딜러는 우선 거르는게 답 아닌가?....,7
한국GM,티코,한국의 릭노스 ㄷㄷㄷㄷ,1
한국GM,티코,120만원 날강도 같으니,5
한국GM,티코,티코 지나는 길에 껌도 뱉지 말라했는데아 왜?,2
한국GM,티코,요즘 은 저차를 거의 볼수없네,1
한국GM,티코,전문성이 떨어지는 건 사실이지만 희소하다고 가격이 무조건 엄청 오르진 않음,7
한국GM,티코,순정이면 소장가치라도 있지 튜닝은 좀..,1
한국GM,티코,썸네일 보고 천대광인줄 알았네,2
한국GM,티코,눈부셔라 광이 나네 mc들 개드립좋네,1
한국GM,티코,희소  가치가  오래됏다고  희소냐찿는 이들도 더불어  많아야  희소  가치지. 티코  마지막  1대  여도  줘도  안타....,1
한국GM,티코,상태 좋은게 86대라는건가   86대인데 동네마다 보이넹,1
한국GM,티코,깔보는듯해서 판매자 기분 좋지않겠네본인들도옛날에  탓음직한데,5
한국GM,티코,아니 뭔 티코를 380이야 ㅋㅋㅋㅋㅋㅋㅋㅋㅋㅋㅋㅋㅋㅋ 미치겠다 ㅋㅋㅋㅋㅋㅋ 120으로 쳐줘도 싫대 ㅋㅋㅋㅋㅋㅋㅋ 50만원이나 될라나 모르겠넼ㅋㅋㅋㅋㅋ,1
한국GM,티코,이차에 누유에 부식이 감가요인 이란다 아이고 배야 중고차 팔이에 웃고 간다,1
한국GM,티코,엔카 들어가면 ㅋㅋ 잇는데 ㅋㅋㅋㅋ ㅋ ㅋ ㅋㅋ ㅋ ㅋ ㅋ ㅋ  100만원 정도면 되긋다,3
한국GM,티코,120에 티코? 날강도아니냐 ㅋㅋㅋ 카페에서 팔아도 500은 넘게 받는데,1
한국GM,티코,상하장금은 아직도 독일삼사가 다쓰는데,1
한국GM,티코,티코 일본차 아님? 왜이리 들 좋아하시지...,1
한국GM,티코,레트로고 자시고사고나면 안죽을사고도 뒤짐,1
한국GM,티코,우리할아버지차였지 ㅇㅇ,1
한국GM,티코,걍 서로 안팔고 안샀음 좋겠다,1
한국GM,티코,작은차 큰기쁨,1
한국GM,티코,솔까 80은 도둑이지 ?!!,1
한국GM,티코,울동네도 하나있는데,1
한국GM,티코,어라? 마이크가 ...개이득!,1
한국GM,티코,저게 17만이라고요?? 얼마나 안탄거지,1
한국GM,티코,86대라고??통영에 10대가있는대 포함인가??,1
한국GM,티코,티코 빨간색 우리집 앞에 한대있는데,1
한국GM,티코,국내 86개는 어디서 나온 정보이죠? 저희 작은할아버지가 중국집 하시는데 아직도 32년 가까이 사용하시는데요.. 제발 과장좀 하지 않으셨으면..,1
한국GM,티코,의뢰자 나이 보고 놀랐다...38살 38살 38살 하,1
한국GM,티코,티코 부산에서만 5~6대는봤는데,1
한국GM,티코,...난 그돈이면 nf트랜스폼 살래,3
한국GM,티코,썸네일 돈까스인줄,1
한국GM,티코,방송이니까 매입가격 측정 해주는거지  실제론 매입도안함.,1
한국GM,티코,500만원 이면 내 올뉴모닝 2015 년식 팔까한데~~,1
한국GM,티코,120주고 팔빠에야 소장하지 ㅋㅋ,1
한국GM,티코,우리 외할머니 티코 가지고 계시는데 86대중에 한대 인거임?,1
한국GM,티코,우리나라는 감정과가 중고차 시세로가니깐 필요가 없지 ㅋㅋㅋ 복원도 아니고 수리라니 미친 팔지마라 그냥 300도줘도  안팔겠다 수리하고 소장해라,1
한국GM,티코,저거10년전에 140주고사서 타다가3년전에 폐차시켰는대 ㆍㆍㆍ참나ㆍㆍ,1
한국GM,티코,저 쓰레기를 380을 받을 생각을하네 패차비도 안나오는 고철을,1
한국GM,티코,티코 아이스크림도 나왔지,1
한국GM,티코,티코를 뭘 팔어 술한잔사주면서 증여해줘도 모자를 판에 ㅋㅋ,11
한국GM,티코,혹시 대전분이신가요? 대전에서 길가다 뵌것같아요,8
한국GM,티코,튜닝뿐만아니라 복원한건 돈안됨,1
한국GM,티코,커스텀차주들 커스텀값까지 쳐서 받을라는데 무식한거지..,1
한국GM,티코,티코가 86대 밖에 없다고?,1
한국GM,티코,좀 심한데요 수염 저분 초등학교 때면 최소 80년 초중반 아닌가요????? 그때는 티코 안나왔어요 ㅡㅡ,2
한국GM,티코,일반사람들이야 줘도안타지만 올드카매니아들에겐 500에 팔릴수도있지,1
한국GM,티코,?? 84대? 우리동네에만 4대있는데,1
한국GM,티코,6:51 초에도 티코뒤에 있는디.....,237
한국GM,티코,아니 무슨 한정판 올드카도 아니고 지금으로 따지면 걍 상태좋은 모닝인데 전형적인 될팔렘 이네 ㅋㅋ 어딜 중고차에서 튜닝 값을 후려칠라하누...,1
한국GM,티코,50만원따리다 가격 너무많이부른것,2
한국GM,티코,나만 스윙순줄앎?,1
한국GM,티코,값어치 없는 차를 굳이 살필요가?,1
한국GM,티코,[질문 받습니다]26년째 티코를 세컨카로 타고있는 오너 입니다. 오해가 상당히 많네요 ^^ 궁금한점 질문 주세요.,2
한국GM,티코,올드카도 클라스가있지 티코가 무슨 ㅋㅋㅋㄱㅋㅋ티코 수집하는 호9도있음?ㅋㅋ,1
한국GM,티코,120만원이면 많이 쳐준건데,1
한국GM,티코,형씨 ㅋㅋㅋㅋㅋㅋㅋㅋㅋㅋ,1
한국GM,티코,90이다. 무슨 500..,1
한국GM,티코,잠만 저차 울아파트에 있는데? ㄹㅇ로,1
한국GM,티코,2명부른사람이 매입불가 말할줄알앗는데 200-35이나 불러주네,1
한국GM,티코,티코가 내앞에 지나가네,1
한국GM,티코,14년 타다가 폐차 했는데..그냥 4륜오토바이 .....차가아님..박으면 사망..,1
한국GM,티코,티코새차가 300후반인데,1
한국GM,티코,500만? ㅋㅋ  걍 웃지요...,1
한국GM,티코,0:47 이야 대머리 보니 절로 손이 눈으로 가네,12
한국GM,티코,티코 타지마라  한방에 저승이다연비도 최악,1
한국GM,티코,38살.... 나랑 나이가 같은데..............................-.-;;;;;;;;;;;;; 아버지뻘같이 생겼다 ㄷㄷ,1
한국GM,티코,개똥차 오리지날도 아니고50도 아깝다380이랰ㅋ,1
한국GM,티코,당신이 저차 120만원 받고 팔수 있겠나,1
한국GM,티코,포니면 모를까 티코? 버려라 저게 무슨 올드카냐,1
한국GM,티코,500백ㅋㅋㅋ그냥줘도 안탑니다,1
한국GM,티코,500부른놈대 120  ㅋㅋㅋㅋ,2
한국GM,티코,0:37 38살이요?...... 김희철이랑 친구네ㅋㅋ 레전드,1
한국GM,티코,내게 공포를 알려준 차...,1
한국GM,티코,우리 동네에만 3대,1
한국GM,티코,0:48 대머리 놀리지 마라!!,1
한국GM,티코,올드카가 아니고 중고차 아님?,1
한국GM,티코,여기 완전 횟집이네,1
한국GM,티코,빅3 타면 커브 돌다 뒤집히겠다잉~?아 죄송해요 타지도 못하시구나,1
한국GM,티코,진짜 우드로 내장마감했네 사고나서 나뭇조각 허파에 찔려야..,1
한국GM,티코,그놈에 크라식 감성은 ㅅㅂ 그냥 유행탄거지  공동품도 수천년 된거도 아니고 갬성 하나로 투자를 하고 기대 한다는게 조낸 웃기네,1
한국GM,티코,나도 티코 있는데,2
한국GM,티코,이건 시장값어치가 없지 ㅋㅋㅋㅋ 그냥 쓰레기 뭐 ㅋㅋ 할말이없네,1
한국GM,티코,데프콘 좀 매너가 없네 들뜬건 알겠는데,1
한국GM,티코,나머지 409914대 어디감?,1
한국GM,티코,500ㅋㅋㅋㅋㅋ모닝 중고산다,4
한국GM,티코,우유배달용으로  딱,1
한국GM,티코,썸네일 스윙스인줄,1
한국GM,티코,털이 꺼꾸로 낫네 어릴때 보던 뒤집어 보는 착시현상같누,1
한국GM,티코,100만원도 개오바임,2
한국GM,티코,대우 티코라 읽고 스즈키 알토라고 쓴다,1
한국GM,티코,나무로 튜닝한거 공사장에서 했나이쁘지도않고 ㅋㅋㅋ,2
한국GM,티코,오백주고누가저걸탐ㅋㅋㅋ,1
한국GM,티코,그 헬퍼에 나오는 완타투??그사람 닮음,1
한국GM,티코,대우자동차...,1
한국GM,티코,누가저걸 3~500주고사노..생각없네 대머리남자도,1
한국GM,티코,길거리에 스텔라도 봤는데 뭘 ㅋㅋ,2
한국GM,티코,235만원이면 티코 삿것네 ㅅㅂ kr모터스 내 혼다 슈트값 내놔라~,1
한국GM,티코,ㅋㅋㅋㅋㅋㅋ대머리 존나 좋아하네,1
한국GM,티코,대호 오지네,1
한국GM,티코,스윙스줄알았는데 ㅋㅋㅋㅋ,1
한국GM,티코,시부레 장난하나. 눈하나 깜짝안하고 80부르네. 올드카 복원하는데 얼마나 고생했을지 생각이나 하고 말하냐?,1
한국GM,티코,이딴 똥차를 누가 사냐 ㅋㅋㅋㅋㅋㅋㅋㅋㅋㅋㅋ 씹 고속도로 조금만 굴러도 뻗어버리는데 ㅋㅋㅋㅋㅋㅋㅋㅋㅋ 쓉 똥차 쉨,1
한국GM,티코,차보다 나이보고 더 놀람,1
한국GM,티코,딜레이 ㅋ 영어 사용 하면 고급 이라니 ㅋ 참 웃기는 나라 다,1
한국GM,티코,올드카도 아니구만 리얼순정도 아니고,1
한국GM,티코,얘네들은 맨날 아이쇼핑만 하네 물건 안사고,3
한국GM,티코,그냥주고타라고해도..,1
한국GM,티코,순정상태 아니면 나가리요,1
한국GM,티코,릭빡인줄 알았는데 실망...,1
한국GM,티코,이프로는 사기는사나,1
한국GM,티코,아니 38세.....,1
한국GM,티코,저차는 50만원도 아까움 차라리 그돈으로 부모님 보약 ㄱㄱ,1
한국GM,티코,무슨.. 티코를 ㄷ  380 ㅋ,4
한국GM,티코,머리 민사람들 한테 저런 장난 치지마라; 기분 좆같음,2
한국GM,티코,똥차는 오래묵혀도 똥차,1
한국GM,티코,ㅋㅋ 무슨 500이야 200도 후하구만,1
한국GM,티코,이프로그램 사는건 있긴함?ㅋㅋㅋ,23
한국GM,티코,차주분 삐짐 ㅜㅜ,1
한국GM,티코,걍 겉만 장식해놨네. 속은 개판인데,1
한국GM,티코,솔직히 매니아층에서만 보통 저런 가격때도 거래되지 120도 많이 쳐준거구만 차주가 욕심히 과하네,1
한국GM,티코,ㅋㅋㅋㅋㅋㅋㅋㅋㅋㅋ 저차 80만원 주고도 안사지 ㅋㅋㅋㅋㅋ 누가사냐 ㅋㅋㅋㅋㅋㅋㅋㅋㅋㅋ,1
한국GM,티코,스윙스인줄 알았네,1
한국GM,티코,판매자 스윙스 닮음 ㅋㅋㅋㅋㅋㅇㅈ하는사람,2
한국GM,티코,울산에 포니 돌아다님,1
한국GM,티코,저 판매자 저 아빠 친구예요,1
한국GM,티코,100만원 콜,1
한국GM,티코,올드카에 대해 존나 무매한것들이 티코 무시하며 댓글 존나 싸질러놯네,2
한국GM,티코,아재포차,3
한국GM,티코,500 ㅋㅋㅋ,1
한국GM,티코,이걸 왜사냐? 오래됬지만 넓은 차량이면 이해가 가는데 기름값 아낀다고 저걸 산다고? 그냥 버스 타고 다니고말지 ㅋ,1
한국GM,티코,대...대광이형?,2
한국GM,티코,티코를 가릴필요가 엄잖아 광고 해줘도 살수도 잇는것도 아니고...ㅋㅋ,1
한국GM,티코,저기서 속으로욕하면서 가면 ㄹㅈㄷ ㅋㅋㅋㅋㅋ,1
한국GM,티코,욕심 크시네 ㅎㅎ,1
한국GM,티코,ㅋㅋ 500??,1
한국GM,티코,"진행자분들..힘들게 고생하고, 자격따신 딜러분들 이미지 망쳐놓고 있는 듯ㅎ외국 반값대머리 아저씨방송 본따서 하는 것 같은데..전문가도 없고..고객들이 가져오는 것 가치를 떠나서 소중하게 대해주세요..너무 비교되요ㅎ파이팅입니다.",1
한국GM,티코,스윙스닮음,1
한국GM,티코,500ㅋㅋㅋㅋㅋ,1
한국GM,티코,저게무슨 값어치가 있냐,1
한국GM,티코,"저 차가 무슨 380, 500 ㅋㅋㅋㅋㅋ그 돈으로 다른차 사지말도 안되는 소리 ㅋㅋㅋㅋㅋㅋ",1
한국GM,티코,시발 저걸돈주고산다고?,1
한국GM,티코,ㅋㅋㅋㅁㅊ저걸 500주고 누가사노,1
한국GM,티코,흥정 진짜못하는 두사람진짜 스토리는 좋은데사회자들이 망죠.삑빡이 한테 배우자,25
한국GM,티코,왜 머리카락이 아래로...,1
한국GM,티코,순정아님 100 입니다,1
한국GM,티코,나보다 한살어린데 와~~,1
한국GM,티코,당연히  나같아도간다.더갖고있음 가격더오를텐데.,2
한국GM,티코,이새끼들 돈도없으면서 먼 전당포한다고 50만원 넘는 금액은 여기오면 못판다고 보면된다,2
한국GM,티코,서른여덟..?,4
한국GM,티코,장난하나티코가380만원??,1
한국GM,티코,500? 너무 씨게 받으려고 하는데? 무슨 근자감이지?,1
한국GM,티코,양심도없네 솔까 10만원도 아깝다 ㅋㅋㅋ장난치나,1
한국GM,티코,도사처럼 젊어지는  약 어디팜?  50대인줄,1
한국GM,티코,역시 대머리들 특 나오네 ㅉㅉ,1
한국GM,티코,티코,1
한국GM,티코,판매자 불러놓고 뭐하는짖이냐,1
한국GM,티코,돈이먼지 참ㅜ,1
한국GM,티코,굳이 아는데 땡처리는,1
한국GM,티코,딴건다이해해도 진짜도어나무 개극혐이네,1
한국GM,티코,저얼굴이나랑동갑이라고 대에박,1
한국GM,티코,120도 안사,1
한국GM,티코,120이면 많이주는거다,1
한국GM,티코,진짜 안예쁘다... 갬성도 없고....,2
한국GM,티코,저건 팔게아니라 폐차해서 돈내야할 수준인데,1
한국GM,티코,이게 왜 s급이짘ㅋㅋㅋㅋㅋㅋ 노답이네,1
한국GM,티코,사는건 안하고 구경만 하는 듯 ..,2
한국GM,티코,그게아녀..희소성으로 따져야지...500 이 맞어 !!!!!,2
한국GM,티코,뭐? 38살?,1
한국GM,티코,싼티난다  도용 ㅡㅡ,1
한국GM,티코,돈까스 저아해여~?,1
한국GM,티코,차주 양심 ㅈㄴ없다 저건아니지,1
한국GM,티코,똥차를  누가사,2
한국GM,티코,나같으면 안팔어,1
한국GM,티코,개똥차,1
한국GM,티코,국산차는 타질 못해서 구매해서 창고에 보관만 하는데. 티코도 10킬로 미만 있습니다. 구매 하실 분. 댓글 남겨 주세요.,1
한국GM,티코,야전삽?,1
한국GM,티코,저건 그냥 개똥차인데 똥차로 돈벌려고하네 줘도 안탈차를,1
한국GM,티코,나이도 머리도 광땡이네. 어리네.,1
한국GM,티코,테프콘 이거 흐름끊고 쓸데없는 말 존나 하네 이 영상만 보고 싫어요 누루고 안봐야겠다,1
한국GM,티코,마이크는?,1
한국GM,티코,옛 대우 임직원 뭐하노?,1
한국GM,티코,머머리형님,1
한국GM,티코,전당포따라하는프로였음? 일단 거른다,2
한국GM,티코,쇼바 나가유  ㅡㅡ,1
한국GM,티코,150,1
한국GM,티코,에휴 한국방송은 참 외모가지고 웃음거리만드는거지겹다ㅋ,1
한국GM,티코,대머리라 양심이 없는듯 머리가 벗겨진 이유가 잇음,1
한국GM,티코,38?,3
한국GM,티코,얼굴이 왜 저모냥이냐 몇살이여?,1
한국GM,티코,별루,1
한국GM,티코,어제봤는뎀,1
한국GM,티코,그래도 티코는 티코다 저 차들은 클래식카가 아니라 그냥 똥차야,11
한국GM,티코,정말 드럽게 재미없게하네!,1
한국GM,티코,위로자랄털이 아래로 자랐네,1
한국GM,티코,졸라재미없네,1
한국GM,티코,털이 꺼꾸로 나셧네,24
한국GM,티코,오백원이 겠지 오백이라니 뒤질라구  클라식카?,2
한국GM,티코,이거 누가 컨셉잡은거야..진짜 양심없네..165만원..마니아들은없어서 못사는차인데..대놓고 까네....80시작...이거 채널 괜히봤다..보면 볼수록빡치는 채널이네..싫어요 누르고간다..,2
한국GM,티코,노잼아저씨들,1
한국GM,티코,머리가 반대로 나시네..,1
한국GM,티코,싸가지없게 그냥 가버리네 ㅉㅉ,1
한국GM,티코,ㅓ,1
한국GM,티코,아 이거 프로그램 존나 역겨움 아양 떨면서 금액 깎는게 보기 엿같음,10
한국GM,티코,싸가지읍다 장난치는것도아니고  약올리니간  열받네  안사면돼지  구지 저렇게 가세오ㅡ 꺼지세요라는 식으로 놀리면서해야되나?  시청자 농락이네 완전 예의는 개나줬나?  안사면돼지  저렇게 비참하게 시청자 농락해야돼나?,2
