,comments,likes
0,대박이네요.  이런 컨디션의 차량이 존재할줄이야..  멋집니다.,39
1,30년된 차가 믿어지질 않네요   역시 관리의 힘인가...  좋은 영상 잘보고 갑니다. 뭔지 모를 감격과 감동이 가시질 않네요   구독하고 갑니다.  앞으로도  좋은 영상 부탁드립니다.,13
2,지금까지 저 정도의 상태좋은 엑셀이 있다니. 와!!  생애 첫 중고차가 엑셀 딱 저 영상의 차량이였습니다.   영상을 보다보니  추억이,7
3,휠 복원한 직원입니다. ㅎㅎ 몇주전에 배칠수님이 오셔서 정말 추억에 보기힘든 휠을 복원수리 했습니다. 30년이나 지난 휠 치고 상태가 좋았던 휠 이였습니다. 그래도 파인 곳과 스크레치가 많아 복원 후 도장 하였습니다. ^^ 방송에서 보니 기분이 새롭네요 ~~  구독하고 갑니다.,79
4,"와우 완전 새찬데요~~💕 제가 볼땐 그리 올드하지 않는데요^^액셀 와 너무 오랜만에 보네요^^ 울 아버지가 몰던 애마였는데,,,2013년경에 보내시면서 우셨다고 하더라구요 ㅜ저도 대학원시절 가끔 몰아보곤 했는데,,,배칠수님 애마군요^^엄청 애지중지 타신 듯 하네요..안전운행하시고 잘 보존하시길~",4
5,92년식 우리집차였는데 우와 아직도 생생한 차가 있다니 놀랍습니다,7
6,"정말 25년이상된 차량이네요제가 H자동차에 입사해서 엑셀을 처음 구입할때 에어콘 파워스티어링이 다 옵션이어서 액셀GLSI에 에어컨만 넣고 탔는데 당시 TRX는 엑셀의 최고급사양(파워스티어링, 운전석원터치잠금장치, 로터리식공조장치)로 그 사양 타는 다른 직원들 얼마나 부러웠는지..그때가 문득 기억나네요",6
7,와. 28년 전에 제차네요. 신차로는 제 첫차여서 애착이 많이 갔던 엑셀. 이거 타다 엘란트라로 갔는데. 어떻게 상태가 이렇게 잘 보존된 건지 궁금하네요. 아무리 외장 올 도색했더라도 안 타고 차고에만 있어도 이 정도는 아닐텐데 신기하네요. 이 차가 하체나 차체가 부식이 잘 되는 편인데. 아무튼 추억 돋네요.,6
8,실내가 저렇게 깨끗한 올드카라니... 갓 출고한 차 같아요,4
9,우리집 첫차가 89년식 엑셀 gl 캬브레타엔진 이었습니다.언덕길에 늘 긴장하던 그때가 그립습니다.Trx는 최상위 모델이었고 느낌이 완전 달랐습니다.160정도가 최고속이었고 trx는 180 정도 무난히 나갔던거 같네요,11
10,뒷자리 에너지 스티커 상태 미쳤다 ㄷㄷㄷ,5
11,와... 칠수씨 땡 잡았네요...엑셀이 이정도 되려면 비와 햇빛을 차단 시켰다는거예요...지금부터도 햇빛을 잘 막아줘야 해요...,43
12,면허 따고 지금은 돌아가신 아버지에게 엄청 욕먹어가며 주행연습 하던 차가 이차네요. 정말 추억이네요.  그나저나 저건 정말 그냥 새차네요. 대단하네요.,3
13,와~~~~!! 저렇게 상태좋은 엑셀이 있다니.......놀랍네요^^,3
14,"어릴적 집에 있던 차가 2세대 엑셀 5DOOR인데 오토 모델 이었습니다. 그땐 낡은 차가 별로라고 생각했는데, 지금 돌이켜 보면 보기드문 가치가 있는 차라고 생각되네요.",2
15,칠수형님은 진짜 어디서 저런걸 에쿠스도 99년식 16000키로탄거에 30년된 엑셀이 9천키로 와 대단하십니다.,4
16,프라이드 타다가  이  차 한번 타보고 정말 좋았음.모직 시트도 참 좋았고요.,4
17,와 ㅎㄷㄷ… 현대가 이런거 복원하는거 따로 해줬으면… 유럽 자동차 선진국인 이유가 차만 팔아재껴서가 아니라고도 생각합니다… 원하는 차주분들을 위해 겉에는 파워트레인 내부를 최신걸로 해준다거나 그런거 했으면 좋겠네요 ㅎㅎ,3
18,예전에 초고시절 아버지의 차 ㅎㅎ 얼마전에 길에서 한번봐서 반가웠는데 영상으로 보니 또 반갑네요.ㅎ,3
19,"90년식 엑셀 TRX 신차로 뽑아서 탔었죠. 헤드레스트랑 안전벨트도 없던 구형 엑셀 타다가 파워핸들에 파워윈도우, 에어컨, 수동5단 럭셔리했답니다.",2
20,92년 아부지 차였던 엑셀.. 영상으로 보니 그시절이 생각나네요.파워핸들이 아니라 주차할때 두손으로 돌리셨던차. 그래도 옵션으로 에어콘은 넣었죠^^ 새차로 사서 세차할때 제가 도와드렸던... 아련하네요,12
21,와 어릴적 우리집차 엑셀 ㅠㅠ  오랜만에 보니 반갑네요..,2
22,와 우리집 두번째차이자 제가 운전배운차인데.... 이제 9000키로라니.... 어디서 업어오신건가요ㅎ 기가막힙니다 와~~~~~~~,2
23,"제 인생 첫차네요. 다만 저는 TRX가 아닌 92년식 GLSi 모델이었습니다. 스틱까지 동일한.... 너무 그리운 차입니다.저 차를 당시 왕복 2차선이었던 영동고속도로 내리막 180km/h 까지 몰았었던 미친 혈기에 닭살이 돋고언덕 오를 때 에어컨 버튼 끄면서 ""터보 온"" 이라고 외쳤던 부끄러운 기억까지 있습니다.조수석 하단에 자바라 설치하고 CD 플레이어와 카덱 연결해서 ""I'm too sexy"" 듣던 잊었던 과거가 떠오릅니다.  저 조수석에 태웠던 여자와는 지금껏 잘 살고 있습니다. ㅎㅎㅎ그때는 귀여웠는데 지금은 너무나 무섭다는....배칠수님 차량 공개해주셔서 감사합니다. 너무나도 행복했던 93년 한해가 떠오르네요.",2
24,와 진짜 오렌만에 보네요 진짜 추억이다ㅎㅎㅎㅎ,5
25,20년전에 타던 제 차와 같은거네요. 추억의 엑셀 너무 잘 봤습니다.,2
26,"GLSi 아버지가 놔주신 차, 2000년대 후반까지 18년동안 우리식구와 저의 발이 되주었죠.TRX랑 휠캡, 에어컨 다이얼방식 다른것 빼고는 한 등급 아래 GLSi랑 다른 구석은 없는거 같네요.엑셀 한 세대 전인 프레스토, 프레스토 아맥스 때 있던 엑셀(해치백스타일)의 깡통버전에서 계기판에 RPM게이지 없는 차가 있긴 했었어요.",8
27,와 이게 가능한건가요 차 상태 너무 좋습니당 ㅎㅎ,4
28,캬~ 내인생의 첫차 엑셀 이구나 ㅋㅋㅋ관리 잘됬네요 그땐 파워핸들 아녔음,2
29,96년도에 89년식 엑셀 GL 30만원주고 7개월 동안 46.000 킬로 타고 물에 퐁당 빠져서 폐차했던 기억 나네요.20살 사회 초년생일때 기억들 새록새록 나네요,4
30,이차 속력 180까지는 거뜬합니다.제가 대학교때까지 3년정도 탔는데정말 잘 나갑니다.  코너링은 떨어지지만무파워핸들은 오히려 묵직한맛이 있죠,5
31,배칠수형님 실젠두뵙고싶구  차두 구경해보고  싶네요 ㄷㄷ 그리고 방송두 잘보고있습니다 좋은방송 부탁드립니다,3
32,배칠수님 섬세함에 보는이들이 섬세해지고싶은영상,14
33,?? 9천키로라니... 말도안되는 키로수에 감탄하고 갑니다...,3
34,와 정말 감회가 새롭다...엑셀이라 ㅎㅎ 군전역하고 첫차로 아방이 수동몰때가 생각나네요.ㅎㅎ,4
35,아버지 첫차가 93년식  엑셀 GLSi 오토미션이였습니다. 2008년까지 잘 타다가 사고가 나서 보내주었었죠. 3가족의 발이 되어줬었는데 아직도 생각이 나네요..,2
36,94년도에 중고 구입했던 90년식 캬브레타 노파워 엑셀이 첫차였는데 기억이 새롭습니다.다만 카브레타가 불량나서 첫시동 유지가 힘들었어요. 엑셀을 1분정도 계속 밟아주어야 되었던.,3
37,당시 엑셀에서 최고등급이었지요. 저도 이 차량을 구입했었더랍니다. 저는 오토 파란색을 구입했었는데... 엔진 뽀개져라 밟아도 140Km가 한계였다는거... SOHC엔진의 숙명이었지요,2
38,저런차는 도대체 어디서 사오시나요? 🤔 대박 👍,2
39,와.. 9000km 새차네요 ~~,4
40,89년식 GLSi가 첫차였는데 제2경인에서 계기상180까지 달렸던 기억이납니다.이후 더 좋은차를 타봐도 150이상 달린적이 아직도 없녜요,2
41,엑셀 글레시어실버정말 도색해본지 오래되었네요관리도 잘되었지만상태도 정말 굿입니다좋은영상 잘보고갑니다,3
42,파워핸들이 들어간 차량이죠!👍👍👍,3
43,고등학교 실습시간에 포니2  엔진으로 분해조립 실습하고 자기진단 실습은 최신형 엑셀 mpi 엔진으로 했었는데 감회가 새롭네요,10
44,"면허 따고 물려받은 차가 같은차 였습니다.미스비시에서 많이 따와서 부품도 제법 잘 맞는다고 알고 있어요. 미스비시 부품 가져다가 튠하신분 봤는데 제가 타던 차랑은 완전 딴세상 이더라구요 ㅎㅎ저때 차 중에서 TLX정도면 없는거 없이 훌륭한편이었죠^^ 전동윈도우, 에어컨도 옵션이었으니^^  근데 비상등이 너무 불편한곳에 있어서 그게 좀 미스.. 폐차 보내면서 가슴아팟던 기억이 납니다^^",3
45,TRX  알미늄휠과 특히 파워핸들이 엄청 부러웠던 차,6
46,이건 남양 연구소로 가야될거 같은 컨디션이네요 대박 ㅎㅎ 저 힌색 시트커버?까지 깨알입니다 ㅎㅎ93년식이면 제동생이랑 동갑이네요어릴떄 삼촌차가 엑셀이었는데요즘도 진짜~~~~~~가끔 보이던데 상태가 저런차는 하나도없던데역시 배칠수님ㅎㅎㅎㅎㅎ,7
47,심지어 수동이라니....대박...,6
48,아버지 1호차 였던 엑셀이네요..아버지 생각나게 해주셔서 감사합니다..,3
49,93년도에 89년식 엑셀TRX 1세대를 탔었는데…감회가 새롭네요. 몇달타다가 엘란트라 1.5 DOHC로 갈아탔었던.. 그시절 차들…ㅋㅋ,3
50,나 군대시절에 출시된 찬데.. 감회가 새로움을 떠나 신기할 정도로 냉동된 찹니다~👍👍👍,12
51,91년도에 저희집 차였는데  소형차지만 뭔가 야무져보이고 박력있는 디자인사실 제가 지금 가지고 싶은 모델이기도 합니다.근데 관리 진짜 잘하셨네요,2
52,"경치가 좋은 시골에서 가끔 수동차 몰고 싶을떄 몰면, 재미질듯. 특히나 관리 안된 차량도 아니고, 새삥.. 올드카.. 캬..",3
53,오래됬으니  올드카지..하지만  우리나라에  감탄할만한  올드카가 몇대나  될까..,3
54,요즘 디자인보다 훨 좋은것 같네요.ㅋㅋ,2
55,엑셀이랑 에스페로 좋아하는데 너무 멋져요 완전 새차엑셀이 ....대박입니다,3
56,MPI(멀티포인트인젝션)엔진 들어가며ECU 탑제된 첫 현대차!형님차 처음 빌려타고 다니며 연애 많이했던 나의 첫차^^,2
57,이야~~ 정말 상태 좋네요~~~!!!,3
58,제 첫차가 91년식 엑셀 trx 흰색이었습니다.오랫만에 같은 차 보니 반가웠습니다.당시 고속도로에서 150~160까지도 무난하게 잘 나갔단 기억이... (지금은 할배운전이라 100까지만)와이프 여자친구 시절 밤늦게 집 데려다주고 오느라 6년간 10만 이상 탔던 기억이 나네요.오랫만에 추억에 잠길수 있게 해주셔서 감사합니다. ^^,2
59,녹도 없고 대박이네요 ㄷㄷ 9000키로면… 그냥 전시만 하신 수준이네요 ㄷㄷ,3
60,저도이차 몆년전까지 탔는데 영상보니 새롭습니다엑셀이 도어캐치가 잘부러져서 어렵게 구해놓은게 아직도 보관중입니다,2
61,시동소리 추억 돋네요  ^^  GLS 잘 타고 다녔던 1인입니다.,4
62,"와~~  30년전 아부지가 구입한 그차,,,이게 지금 이상태라니,,이건 현대차 본사에서 본다면재구매 하겠는데요현대차 기존 미쓰비씨나 해외차종을그대로  가져와 만들었지만울산본고장에서 만든 당이울산에 현대정공이 겔로퍼 만들때현대자동차는 이차의 국내 디자인과 기술을,,,대단히 hot 한 차죠 ㅋ운전자성향 살살하세요 ㅋ",1
63,얼마전에 그.. SK엔카에서 올라온거같은데.. 배칠수씨가 분양 받으셨군요 ㅎㅎㅎㅎ 대단하십니다 ㅎㅎㅎ 아마 더 관리가 더 잘 될거같아서 기쁘네요 ㅎㅎ,7
64,시동소리 우와~~갬성이 오집니다~~~^^ 현대에서 갬성을 위해 부활 시킨 새차 같아요~~~~몰고 나가면 50대 남자들 다 쳐다 볼듯...울고 있는 사람도 있을것 같아요~~~,5
65,와 너무 멋있어요🤩,3
66,배칠수님께 말씀 많이 들었습니다. 앞으로도 재미있는 자동차 영상 많이 부탁드립니다 ㅎ,4
67,우와 저정도 컨디션이면 철저하게 실내주차 한거로 보이는데요 내장재들이 장난 아닌데요,2
68,첫차가 카뷰레터 엔진을 얹은 중고 엑셀이었습니다.급한 일이 있어 빨리 달려야 하는대 보통 규정속도 지키면 2시간 반 걸리는 거리를 1시간 반만에 간적이 있었지요.20여년전이라 카메라도 거의 없었고 네비게이션도 없이 도로표지판만 보고 달리는대 길을 대충 알고 있는곳이라쭉뻗은 구간만 밟고 가는대 그 구형엔진으로도 순간 최고 140Km/h를 달릴수 있었습니다.파워 스티어링도 아닌 기계식 무파워 스티어링으로 달리는대 고속에서도 불안한 감은 없었지만 밖으로 지나가는풍경들을 보니 두번 다시는 그렇게 못달리겠더군요. 연료펌프 고장으로 폐차시켰는대 전기식 펌프가 아니라 엔진에 달려있는 기계식 펌프로 생산이 안되서 고칠수가없다고... 정비공장에서 중고부품상 여러곳에 연락해도 폐차 부품조차 없었다고 하더군요. 그때 고장 안났더라면아마 지금도 타고 있었을지도 모르겠습니다.,3
69,우와...파워핸들이다. 옵션이 좋으다.,3
70,현대엑셀 TRX 차하난 직이네!아무리 30년 넘는 차이지만성능이나 승차감은 최고일듯차에 비유하자면 복면가왕급칠수형님 언제 기회되시면 여배우중에서혜진인가하는 여배우와 함께현대엑셀리뷰 해보시길 권합니다,3
71,와 ~~!!대박  입니다...😍😍😍👍👍👍💯💯💯😁,4
72,이게  어떻게  가능하죠ㅋㅋㅋ   2년된  내차보다도  훨씬  깨끗하네요ㅋㅋ,4
73,와  대박   역시  문막김씨,2
74,대단하네요 ᆢ5년된 내차보다 깨끗하네요,2
75,제 첫차였었는데. 옛 추억이 새롭네요,3
76,올드카. 길지나가믄 누군지 단방에 알수있겠군용.🚗 갬성짱! 하늘두 넘 예뿌네여. ☁️,2
77,엑셀 GLSi 오토였으면 폐차안했을텐데 ㅠㅠ 파워핸들도 아니어서 힘들었다능;; 추억 잘보고 갑니다.,2
78,지방에 저런 엑셀 타고 다니시는 분 여러번 본 것 같아요! 오래 오래 타세요~~,2
79,와...저희 집 첫차..엑셀.... 그나마 칠수님 애마는 TRX 라서 핸들이 파워핸들일겁니다. 저희 집 차는 Glsi 모델이라...노파워핸들...ㅡ.ㅡ  그 차로 처음 운전 배웠네요... 와... 추억 돋네요... 감사합니다..,2
80,대학 졸업 후 첫차 엑셀 감회가 새롭네요,2
81,와..올드카 갬성 멋지네요~가끔 올드카가 땡긴다는,3
82,주행영상 배경음악이 너무좋네요ㅎㅎ 제목알수있나요~? 영상잘보고 좋아요 구독 누르고갑니다!!^^,2
83,"고등학교졸업하고재수할때 89년에 아부지가사주신첫차 엑셀glsi수동 추억돗네요.공부는안하고 서울로강원도,부산등엄청놀러다녔는데…몇년뒤 아버지가 면허따서 전라도광주까지면회(군대)오셨는데 엄청나게 반가웠다는…저때여름에 논파워핸들돌리느라 ㅎ좋은영상잘봤습니다. 옛날사진이나 한번찾아봐야겠네요.",3
84,이때 현대차 조립하시던분들이 진정한 마스터 같은데요.,2
85,우리집 첫차 엑셀  멈췄다 재출발할때 힘없어서 가운데 애어컨 버튼 껏다 다시 출발 했던 기억 떠올르네요 영상 잘 봤습니다,2
86,상태가 극상이네요😄좋은 주인 만나서 더욱 컨디션 올라가겠군요 :),6
87,우와..trx 라니!!스쿠프전에 대한민국 남자들의 로망이었는데!ㅋㅋ,2
88,초딩때 삼촌이 매일 학교를 데려다주셨는데 엑셀이 많은지 프라이드가 많은지 내기 했던 기억이 나요:) 근데 상태 진짜 좋네요!! 추억이 새록새록~,2
89,الى غاية اليوم أنا أملكها هيونداي اكسيل 1991 سيدان الموتور 1.3 . للأسف قطع الغيار غير متوفرة كثيرا. السيارة المفضلة لدي 🇩🇿❤🇰🇷.,2
90,30년면 11000일 정도 되는데 9000km를 탔으면 하루에 1km도 안탄거네요 ㄷㄷ,2
91,대우 르망과 현대 엑셀 둘이 경쟁하던 추억의 그시절이 생각나네요,6
92,92년식 14만 차량을 96년에 240만원에 구입해서 98년 12월까지 몰았습니다지금 53세로 저차가 내 첫차입니다,4
93,"아마 TRX가 북미향으로 만들었던 것이라 파워윈도우에 파워핸들까지 적용되었던 것으로 기억합니다.당시에 국내향은 창문은 닥다리에, 핸들은 Non파워라 팔 근육키우기 좋았던 것으로 기억합니다.",4
94,이런게 정말 소장용이라는거군요~,3
95,"나 대학생때 타던 모델이다! ㅋㅋㅋ 저는 언젠가 다시 가지고싶은...  엔진은 미쯔비시꺼고, RPM 없는건 1.3 모델이고, TRX 는 1.5 DOHC엔진이라 전부 RPM게이지가 있습니다. 에어컨은 구냉매(프레온가스)라서 더 시원한데, 이젠 충전하기가 어렵죠. 아직도 있긴 할텐데 비싸요.1.5 dohc 수동모델이 힘도 좋고, 연비도 좋고 진짜 좋았어요. 저거 타고 전국 여행 다녔는데 ㅎㅎㅎ 70km 주행하면 리터당 20km 나왔습니다.",2
96,와우  대단합니다,2
97,집에 91년식 fbc타입 가지고 있는데 부러운게 딱하나있네요 파워스티어링 ㅋㅋ 170까지 달려본적 있네요 소리카랑카랑한 느낌으로 타고있슴다,2
98,그시절올드카로는매력있었죠차키로수놀랐습니다 단! 9000천키로제가구입하고싶을정도로욕심나네요잘보고갑니다.,2
99,예전 아부지차였는데 그당시 경부에서 160까지 쏘신기억이납니다.,3
100,우와 최고네요~얼마전 에쿠스동영상보고 배칠수님 문막 사시냐고 댓글 남긴 사람 입니다.^^그런데 깜놀입니다. 저희 맞은편 직선거리 동네입니다 저희 집에서 내다보면 바로 보이는곳이며 배칠수님 사시는 동네 초입 외딴집은 작은댁 할아버지네구요 간간히 저희집도 잡히는군요 와 영상에서 이렇게 볼줄이야..신기하네요ㅋㅋㅋ,2
101,안녕하세요.칠수님이 유튜브한다는 소식을 늦게 접하고.이제야 구독했습니다.저도 차 수리하는게 재미있는데.앞으로 칠수님 영상 자주보도록하겠습니다.요기는 부산 ㅎㅎ.화이팅! 희진님도 열심히 노력중이신듯요.,2
102,이런 엔진소리 너무 좋다...요즘차들은 이런 엔진소리가 아니야...ㅜㅜ 조용한건 좋은데...감성이 없어....,2
103,엔카에 올라와있던차같은데 누가가져가실까했더니 역시 배칠수님이ㅋㅋ차 기가막히네요ㅎ,7
104,아 사고싶다,2
105,"초등학교~중학교 넘어갈 사이 유행했던 차였던걸로 기억합니다.또한 엑셀, 스쿠프를 보면서 자동차에 대한 관심을 갖던 시절이 떠오르네요.틴팅은 아직 하지 않으셨네요~",2
106,은색 너무 깔끔하네요,3
107,안녕하세요!! 저도 문막사는 김씨인데 최근에 e46 구매해서 타고있는데 반갑습니다 ㅎ,2
108,정말 대단하시네여 ㅎㅎㅎㅎㅎ아주 굿입니다.,4
109,햐...과거에 첫출고 3개월만 폐차시켰던 엑셀 마지막 기종 TRX. 생각이 나네요...,1
110,와~  엑셀 신형 이다~엘란트라 하고 같은 엔진~,4
111,와우 ..대단하시네요.조아요.,2
112,멋지다 가지고 싶다~,2
113,"TRX면 파워핸들도 되는 최고급 사양, ㅋㅋ",7
114,옛날차가 좋아요 (깡통차가 좋아요)요즘차는 전자식..급발진..엔진불량 전기차 화재 때문에...전기차는 트위지가 딱 좋고요,3
115,옛날에 각그랜저와 엑셀은 진짜 +_+,9
116,형에게 물려받은 첫 소유차량으로 광폭타이어 파워핸드로 끌었던 1인... 힘들었음... ㅜㅜ오토차량이 신기하던 90년 중반시절에 몇년 끌었는데 라노스로 기변하고 어찌 처리했는지 기억이 안남 ㅡㅡ;;팔에 무진장 힘이 들었던...신차 같아서 더 이쁘네용.,4
117,과거에 많이 만져본 차군요세차장에서 일할 때 말이죠,2
118,구입해서 안타고 보관만 하셨나? 30년된차가 8천키로라니 관리도 잘되어있고 대박입니다 오래된차라도 깨끗하게 복원해서 타는것도 좋을듯합니다,2
119,91년 면허 따고 엘셀을 구매했는데 160km까지 밞은 기억이남.내 발이 되어준 좋은차 였는데...94년 쏘나타2로 바꿈.,4
120,배칠수 이분을 어떻게 설명해야 할까요?정말 대단하십니다,2
121,나의 첫차 프레스토 다음이 엑셀이었는데.. 감회가 새롭네... ^^,2
122,오아 이차 어릴적 노파워에 최고속 계기판상 160 나갔는데ㅎ 에스페로가 훅 지나가던 기억이,2
123,현대의 최초국산엔진은 알파엔진이고 스쿠프중기형과 엑센트에 장착되았고엑셀은 일본의 오리온엔진이 탑재되었습니다.엔진조립은 국내에서 했는지는 모르겠습니다.,2
124,파워핸들도 안되 외장에어컨인 포니2  타다가 파워핸들에 내장에어컨 엑셀타니까 참 좋더만 93년식 엘란트라 200키로 밟아보고  저승문턱앞에서 노크하고 온 사람입니다..ㅎ,2
125,수동기어로 운전하는거 보니까 수동이 더 잼있어 보이기는 하네요,2
126,엑셀 GLS가 첫 차였는데 감회가 새롭네요,2
127,그당시 중부고속도로에서 180Km까지 달렸던 차입니다.,2
128,"91년도인지 92년도인지,,,저희 집에서, 액셀을 새걸로 500만원 정도 주고 샀는데, 제 아버지가 몰았었는데, 제 기억에 고속도로에서 150km까지 가니까, 엔진이 굉음을 내며 터지려 하던게 기억나군요. 다행이 터지지는 않았지만, 소리가 굉장히 위협적이었었다는,,,",2
129,TRX : 저도 과거에 소유했던... 가볍게조용히잘나가요.Top Range eXcel 인걸로...,3
130,차 상태좀봐... 타임머신 탄거 같네요.. 94년 군입대할때 선배형이 저차(엑셀 TRX 쥐색..)로 훈련소 앞까지 태워다 줬었는데.. 그땐 저차가 지금 아반떼 N 보다 더 좋은차였다.. 머랄까.. 20~30대 저차몰면 어린나이에 자수성가 느낌이 났었더랬던죠.. 엘란트라2.0 다음은 엑셀이었고.. 95년 아반떼가 나오기전까지는 그당시 젊은이들에겐 엘란트라와 더불어 꿈에 차였더랬는데.. 근데 지금 생각해도 정말 차 잘나갔었기억이.. 스틱에... 연비도 좋아서.. 휘발유 5000원어치만 넣고도 용인서울 왕복했던 기억이 있네요 ㅎㅎ,5
131,"90년초에 누가 몰았는데...나중에, 친구한테 30만원에 팔았지만아마도 엑셀 중에서 제일 윗 기종일 듯.",2
132,와 이건 새차네  고딩 1학년때 였던가 우리집 첫차가 엑셀 1년만에 사고 나서 폐차하고 아버지가 그담에 사셨던게 엘란트라.,2
133,엑셀 FBC ( 피드백 캬뷰레이터)  수동이 180 나갑니다.  MPI는 수동 계기판 기준 190나갑니다.,5
134,우와 대박....,2
135,캬 구아방의 할아버지!이 시절 저는 르망LTE를 좋아했습니다서양모델은 이름셔 라고 했는데..,2
136,마지막에 사이드 땡기는 소리가 좋네요.,2
137,수동타고싶다~,2
138,알피엠이 없는 모델은 GL.GLS  알피엠이 있는 모델은 GLSI 와 TRX 그리고 결정적인 TRX와  GLSI의 차이는 스키쓰루  ...스키를 실을수 있었던 장점  ㅎㅎ 내가 몰았던 엑셀 초기 모델 TRX 뒤 타이어 휠하우스가 썩어서 결국 폐차 시켰지만 오래탔는뎁..광고에 나오는 모델과 동일 모델을 몰았던 1人 ㅎㅎ 다시보니 새롭네요..,2
139,아는 형님이 문막에서 86년식? 기아오토바이 타구다니시는데 ㅎ문막에 엄청난 분들이 많네요~~,2
140,엔진은 자체 생산이 아니고 미쓰비씨 오리온 엔진을 그대로 가져와서 사용한 것입니다 엘란트라 1.5 sohc도같은 엔진이죠,2
141,뒤에 크리넥스랑 모과담긴 바구니가 있어야할 ㅋㅋㅋ,8
142,그냥 새 차 급이네 ㄷㄷㄷ,2
143,칠수형이 왜 여기서 나와 ㅋㅋㅋㅋ 엑셀보러 왔다가 칠수형 나와서 오랫만에 통화했네요 구독 누르고 갑니다,5
144,수동 기어 넣는 재미...^^착착 감기는 기어 체인지...,2
145,엔진룸 상태나 트렁크 상태 보니 절대 9000킬로 탄게 아닌거 같은데?,2
146,이제 팔순이 되신 아버님 첫차였습니다.세차하고 용돈 받은 기억이 나내요제가 중학교때 였는데 이제 저도 내년이면 오십입니다...세월이 슬프내요.아버님은 아프시고 ㅠㅠ,2
147,TRX라...취직하고 면허 따고 구매한 나의 첫차 ..아마도 91년도 같은데...,2
148,정말 많은 차였는데   지금은 포니 엘란트라 스쿠프보다 보기힘든...,2
149,90년도 내차는프라이드 5도아DM  참튼튼하고좋은차였는데~,2
150,시멘스 엔진 저걸루 정비교육받았는디.,2
151,93년식 엑셀TRX 가 첫차였던 40대 후반 아재 입니다. 옛 추억이 나네요.. 저차에 저와 평균 80kg 넘는 친구들 다섯명 타고 배낭에 각종 식량까지 트렁크에 싣고 여름 휴가를 한계령 넘어 동해안 여기저기 다니고 했습니다.다른 친구들은 차가 없었던 시절이라.. 그렇게 막타고 다녔는데도 고장 한번 안나고 10년간 보유하다가 신차로 바꾸었었는데 아직도 그때의 추억과저차 특유의 좋았던 감각이 남아있습니다. 영상속 차량은 수동이지만 4단 자동 모델은 운전하기 정말 편했습니다. 요즘 차들과는 비교가 안될정도..겉모습만 보면 일반 엑셀이네요. TRX는 당시 거의 최초였을까 생각되는데.. 라디에이터 그릴과 도어사이드 몰딩 그리고 트렁크 패널까지 전부차량 색상과 일체색이었습니다. 그리고 이때부터 유행이 되는 리어스포일러도 있었구요.. 그게 TRX만의 포인트인데. 그걸 못 살려놓으신걸 보니 차주께서 나름 사정이 있으셨던것 같네요..,3
152,2000년 제가 5살때 저희아빠차 색도같네요~,2
153,두분시계 롤렉스ㄷㄷ,2
154,엑셀 너무 이쁘네용,2
155,"91년도에 앨엘란트라 뽑았거든요.엑셀이 엘란트라 전인지 후인지 잘 기억이 안나네 ㅎㅎㅎ근데 엑셀도 밟으면 조용하게 잘 나갑니다.,,,,,그리고 친구한데 1그랜저 액스지를 사줬는데 1만키로 조금 넘었구요.진짜 차 실내가 새차냄새가 났습니다.세컨카로 아파트 지하 주차장에 항상 있더라구요.주인도 한명 주소도 그대로,,,,,시운전 해보니까 완전 새차였습니다.,,,,,엑셀 이것도 완전 새차네요.",2
156,엔진관리를 정말 잘하신거같아요 ㅎㅎ 저도 현대 엑셀 최고로 좋아합니다 ㅎ,2
157,이거 머냐..진짜 그냥 새차내..이런걸 타야돼..,2
158,줘두 안탑니다,2
159,저 당시 현대 수동 1단 잘 안들어갔죠 제 첫차 엘란트라 92년 수동 sohc 엔진룸하고 똑같은거 같네요,2
160,9천킬로가 아니라 키로수 한바퀴 다 돌고 0에서 다시 9천킬로 찍은거 아닐까 ? 하는 생각이...,3
161,91년식trx. 신차로 출고해서 2010년까지 소유하다 사고로 폐차보낸 아픈기억이있어요. 😢,3
162,"파워윈도우 스위치가 중앙에 있는 차량인거 같군요. 이거 후속작 엑센트도 그랬던거 같고, 현대차는 아니지만 마티즈1도 그랬었고",2
163,11일 토요일에 문경쪽에서 북대전방향으로 쥐색 엑셀...140~150은 밟은듯...내속도가 135정도였는데 와따리가따리 폭주하던데....깜놀...,3
164,이천년도에 제대하고  엑셀구입해서  친구들 3명태우고 노고단갔는데  올라갈때  에어컨 끄고  땀뻘뻘 흘리며  올라갔던 기억이  새록하네 ㅋㅋㅋ,2
165,엘란트라랑 비슷하네여ㅎㅎ 레진 프라모델 갖고있는데 거의 똑같음,2
166,"Oh my god !!  my first car excel GL.   현대 자동차 엑셀의 종류 GL,  GLSi,  TRX",2
167,오~91년에 제가 처음 산 엑셀같은데....,2
168,저희아버지 첫 차가 엑셀이었다는데 ㅎㅎ,2
169,"어린시절 봐왔던 차량이라 그런지,배칠수님께 죄송하지만, 할아버지차 같아여 ㅎ",2
170,우리가족 첫차였어요  제가 42인데 초등학  아니 국민학생때 아부지가 사시고   단지 주차장에서 아부지 친구분이랑 엄마랑 나랑동생이 바퀴에 막걸리뿌리고 편육놓고 고사지낸게 아직도 기억에 남네요 고사때문인건지 그당시 어떤 산중턱 굽이길을 가다가 모래에 차가 미끄러져 낭떠러지로 떨어질뻔한적이 있었는데  진짜 앞범퍼 1cm 밑이 낭떠러지였습니다 가족모두 가슴을 쓸어내렸던 적도 있구요 첫차라그런지 우리가 어려서인지 엄마가 운전을 못해서인지 탈때마다 멀미가 심했던차ㅋㅋ 추억돋네요...저차타고 명절에 서울ㅡ전광주 가는데 24시간 걸렸던것도 생각나네요 크흡ㅠ,2
171,93년^^저희 어머님이 저중1때 처음사신차...,2
172,ㅋㅋㅋㅋ 일본 오리온 1.5 엔진...ㅎㅎ근대 초기 TRX는 3스포크 스티어링 이였음....,3
173,지린다.,2
174,예전차는 급발진이 없었죠!!,2
175,92년도 800만원 정도로 기억...,2
176,액셀이 연세에 비해서 키로수가  넘 짧네요차를 그냥 모시고 사신것같음오래오래 간식하세요,2
177,올 해 53세 입니다 의경복부할때 중대장님이 엑셀trs타셨던걸로 기억됩니다~~,1
178,큰아버지 포텐샤 둘째 큰아버지 르망싸롱 삼촌차 엑셀 막내삼촌 크래도스..아..기억난다..,2
179,와 그거 신기할따름이네요.저는 로얄슈퍼사롱 있으면 바로 업어싶은데 잘 없네요,2
180,타임머신 타고 어릴때 새차 타고 좋아하던 때로 돌아간듯 하네요 새차냄새가 아련함...,2
181,ㅇㅇ자동차 다닐때옆집 형님이 엑셀출고하셔서 옆자리 동승해서출퇴근 하던 기억이,2
182,근데 저정도운행안하면 기계에는 나쁘지않을까요,2
183,이런차시운전할땐 반지빼고 청바지벗고 극세사바지입고 하는겁니다공조기만질땐 면장갑필수요~~차상태는 최고네요!,3
184,30년간9천 ..헐 차를 그냥창고에박아만둿나..,2
185,1962년생들 첫차가 이거 입니다 1991년도에요 ㅎ,2
186,와..이건 고장날까봐 섣불리 운전도 못할것 같은대 ㅎㄸ,3
187,우리아버지 청춘과 나의 유년시절이 생각나는차,2
188,저히아버지차 89년도 프레스토 아멕스 오토였는데 엑셀이 살아있네요^^,2
189,차는 새차 뽑았으면 이정돈 타야지..요즘 새차 뽑는 사람들 보면 절반은 빛..근데 30년 9000km는 아니다.. 계기판 교체했겠죠 ㅋ뉴엑셀 미쯔비시 오리온 MPI엔진..,2
190,옛날 티브이에 광고나올때제3세대 승용차라고 광고했었죠,2
191,엑셀 TRX는 제일 윗단계 아닌 가요?그밑이 GLSI   그다음 GL  맞나요..?,2
192,수동기어 시절 사람들 절반은 저런습관 있을듯요 ㅋㅋ,3
193,엑셀 ~91년도쯤에  친구놈이 샀던 차입니다결국은 얼마 못타고 소나타2  흰색에 꽂혀서  팔고 소나타2로 넘어 갔는데 ᆢ제차는 아니었지만 친구놈 엑셀 뽑았을때 달려 달려 하던 기억이 나네요~^^,2
194,전조등 트렁크 보니까 엑셀신형이군요 구형보단 조금 날렵하게 생겼슴  ㆍ그때당시 현대차 구형 신형 구분을 저렇게 해서 차팔았슴 ᆢ,2
195,클러치 페달 밟아야 시동켜진다는,2
196,90년대 군대 대대장 차가 엑셀,2
197,빨간차 진짜 이쁘네,2
198,"타고 다니기 아깝다,  박물관같은곳에 고이모셔둬야되는거 아녀,  거의 신차수준인데!!한20년 더지나면  가격장난아니게 올라갈듯ㅎ",2
199,서로 아시는 사이인시건가요??? 엄청 친해보이시는대여 ㅎㅎ,3
200,우와... 옛날생각 난다,2
201,예전 내가타던 엑셀은 캬뷰레다 였는데 ㅋ ㅋ,2
202,차 가격이 500만원 좀 넘었던 것으로 기억납니다.,2
203,차는 안타면 맛감침수차보다 더 위험한차 굴리지않은차,2
204,도색 잘하는곳 있나요? 도색 엄청 깨끗한것같은데 업체 추천부탁드려요ㅋㅋ,2
205,대박입니다,2
206,25년전 저색에 저차 많이 다녔는데,2
207,하루에900미터정도 운행..,2
208,영상 초반에 나온 차량은 이름뭔가요?!미국같은 경우는 튜닝하고 트럭마냥 제작하기도 해서요!!!!!,2
209,저정도면 억단위 차량이네요,2
210,과거의물건을 텔레포트해온 느낌이네,2
211,역시 남자는 수동기어 넣을때가 멋짐이네요^^;;,3
212,야 이거.. 엑셀 92년식인가 93년식인데... 저희집에서 TRX 타고 작은집에서 GL 인가 탔었던 기억이 납니다. 제가 사촌동생 매일 놀렸었거든요 ㅋㅋㅋ 저희집께 등급 더 좋고 비싼거라고 ㅋㅋㅋ,2
213,저거 우리아파트에 한대있음^^,2
214,93년이면 앞유리에 보험필증인지 검사필증인지 붙이고 다니던 시절 아닌가요?,3
215,이런차는 대체 어디서 구하시는거지ㅋㅋ,2
216,???: BMW의 W는 승리의 W다!!!따라올 수 있겠느냐 86!!!,2
217,어디던지 잘다니던 액셀,2
218,TRX 면  뒷문까지  자동인줄알았는데 옵션 등급이 아니었나 ?  수동 윈도네 ?  저시기 면  현대 직원들이 눈 감고도 조립했다는 말 나올정도 였고 잔고장없고  일본에서는 인기없다는미쯔비시  엔진기반 이었지만 엔진필링도 좋았고 나름 조용하고 좋은 차였습니다  1300 시시 엑셀 벤 수동 4단 미션 차가 참 가속 붙이고 시내 달리는게 재미 있었는데 ....     배칠수님이 하는건 성대모사가 아닙니다   높은 시사 정치 의식수준 관심에서 나오는  알고리즘 카피 입니다  그  정치인 오피니언 의 내면을 꿰뚫죠 ... 거기다 위트 도 넘치시고 ....  방송활동  자동차 라이프 다  응원합니다  배칠수님,2
219,나 대학생때 타던 모델이다! ㅋ 엔진은 미쯔비시엔진으로 알아요.,2
220,"차 엔진 소리 좀 듣고 싶은데 배경음 거슬리네배경음 그닥 없어도, 오히려 마이너스 요소가 되는듯.",2
221,엑셀 trx는 엘란트라 엔진이죠^^,2
222,내가  저걸로  운전배움  시동꺼막을까봐등짝에  땀질질,2
223,그나마 가솔린이니깐 뒀지 디젤이였으면 나라에서 없애버렸을껴,2
224,현재 g80 차주인데 올드카가 너무 멋있네요 ㅜ,3
225,9000km 확실한가요??조작 가능성은요??조작여부 확인법  있는지요 궁금하네요,2
226,우와 엑셀,2
227,제첫차 대학때 운전면허 따고타고 다녔는데,2
228,번호판이 아쉽네요 ㅠㅠ,2
229,좋아요~^^,2
230,30년간 9000 이면 박물관에 전시한거 아닌가요,3
231,차이름 엑셀 ㅋㅋㅋ 👍,3
232,엄마의 첫차 ...^^,2
233,20대 초반에 한창 출시된 차량인데  얼마되지않은찬데   내가벌써이렇게 나이먹었나?,2
234,Top range excel,2
235,아.... 그리운 e36..... 후회돼네.....,2
236,엑셀 때문에 무구독자가 보고 지나갑니다~,1
237,진짜ㅜ배칠수씨 어서 머하세요??9595안하니까 ㅠ들을게 없어ㅜㅜ유튭에 중독되어 피폐해가던듕ㅜㅜ혹시나하여 검색했더니 여기서 뵙네요ㅠ유튭이라도 하시지요~~ 🙏,4
238,X2 라고 부르던엑셀 ~,2
239,새차네 와,3
240,아까워서 어떻게 햇볕에 노출시킴? 어서 천막쳐!!!! 색 바래진다!!,2
241,사년전 페차한 내 23년된 내첫차 수동틱 생각나네부영아파트지하주차장에그냥보관할걸 아까비,3
242,아버지께서 내리실때 모습이 기억나네요. 동양경보기 삐빅~,3
243,제 3세대 승용차에요.,2
244,비엠 e36 끈내주네요. 엑셀도 완전 신차..신기방기..ㅋ,2
245,문막김씨 ~엑셀 공부 좀 더 하셔야 할듯  ㅋㅋ현대에서 당시 그랜져 소나타는 그진해외의존도 컷지만 Excel부터는 국내자체디자인 및 기술로 이 차는 택시로도 전국을 누비죠현대에서 사활을 건 자동차임 ㅎ,1
246,30년에 9천이 아니라 메다기 한 바퀴 돌고 플러스 9000아님? 저 키로수는 말이 안 되는데... 저정도면 차를 사서 쓰지도 않거 어딘가 쭉 처박아 놨단 소리 밖에 안 되는데...?,2
247,I bought an excel in Turkey for 2500$ and for sure he s old not like this one. İf you try to sell it here they ll pay for it 6000$,1
248,저분 새차때매 화성인바이러스에도출연함,2
249,배칠수 형님은 한국의 Jay Leno 입니까??,3
250,운전...  잘하는 운전은  아닌것같네,2
251,마크V 아직두 가지구 있는데 엑셀 은 ~,2
252,로디머큐리 ㄷㄷ,2
253,Top Range eXcel,2
254,혹시 예전에 게임 리뷰 하고 하시던 분 아닌가요?,2
255,여기 구경가도 되나요,3
256,"오 엑셀 ㅠ,ㅠ",2
257,엑셀도 1300CC는 타코메타가 없어요.,2
258,좋아요,2
259,시계를 오른손에 차네.,2
260,번호판이 아쉽네요 녹색이 아니라,3
261,혹시 게기판 한바퀴돈거아닌가요?,2
262,전차주는  왜 차가  필요한지 알수가 없네,2
263,뉴엑셀이군요...,2
264,차는 타는게 아닙니다  보는거지 !,3
265,얼마죠,2
266,선생님차 모과바구니 생각나네...,2
267,9000요??킬로수 조작한거 아님?,2
268,국민차 엑셀,3
269,박물관 전시차 수준이네 히~~~~~~~~~야 굿~~~~~~~~~~~~~~~~~~~~~~,2
270,도데체 어디서가져오는거야ㅋㅋ,2
271,버스기산데요. 기어 흔들지 마세요. 기어케이블 늘어나요.,2
272,BMW E36인가요,2
273,9천km에 제 부랄을 탁치고 갑니다.,3
274,엥..칠수형님 찬가요??,3
275,크 내 첫차였는데.. ㅋ  TRX 탑레인지엑셀 약자였지 아마..,2
276,나의 첫차 입니다,2
277,민규야..조민규가 생각난다..,2
278,안타고 모셔만 둔듯.,2
279,보니 다 바꿨네요,2
280,중산층의 상징 엑셀,2
281,5:32 오일 새는 건가?,2
282,랩터를 잡아먹겠군,2
283,뭘  자꾸  올드올드  거리냐   올드줄  알면서  ㅋ,2
284,saran he ne cha chua chua 👏👍👍👍,2
285,새것같다,3
286,시폴 광고 욜라 때려넣네~~!!!,3
287,저런차는좀강제페차좀 진행해라무슨올드카니 이런소리말고 다눌러버려라보기싫고 스크루지같다진짜,2
288,뻥인것같아요,2
289,드디어 2탄 영상이 올라왔군요! 썬더볼트님 덕분에 그동안의 우여곡절을 허심탄회하게 이야기 할수 있었던 것 같습니다... 너무나 고맙습니다~ 흑흑 ㅠㅠ 엑셀N을 제작하신 [JP모터스포트] 홍정표단장님과 차량관리 및 레이스 매니지먼트 해주시는 [루트개러지] 이동훈 전영빈대표님께 다시 한번 감사드립니다~ 앞으로도 엑셀N 많은 응원과 관심 부탁드립니다! 꾸벅~,43
290,시작부터 웅장이 가슴해진다,176
291,진짜 너무 감동적인영상입니다. 튜닝의 끝은 제대로된 풀튜닝이라 생각하는 1인으로써 두분의 만남은 너무나도 감사하네요 ㅎㅎ저도 하나의 소비자로써 튜닝의 파이가 더 커질수 있게끔 소비하고싶네요 ㅎㅎ,20
292,민원장님 말씀대로 우리나라의 자동차 문화도 좀 꾸미거나 튜닝하면 양카로 보는 편견없이 좀 더 다양하게 보는 시각과 존중이 생기길 바랍니다 정말 존경스럽고 좋은 영상 올려주셔서 감사합니다!! :),11
293,순정 벨엔의 모든 기능이 작동한다는게 너무 신기하네요 ㄷㄷ,6
294,와... 진짜.. 이건... 감동이 미친듯이 밀려들어오네요... 정말 대단합니다 ㄷㄷ;;,13
295,"정말 아름다운 추억에 영혼까지 부여 하신 대단 하신 분...진짜 저 분이 대단하신 게,요즘도 그렇지만 옛날에는 세단형식에 대한 선호가 너무 심해서 그 당시에도 저런 벤은 당연히 못보고 헤치백 스타일도 보기 힘들었음그런데 자기가 몰았다고 그 차종을 구해서 저렇게 까지 만든 걸 보면 보통 분이 아니라는 거지다 죽어가시는 어르신에게 야수의 심장을 이식해 살린 격인데...",2
296,"저도 94년도에 엑셀 중고로 업어와서 첫차였는데..ㅋㅋㅋ그나저나 엑셀 코너링 완전 개판 안좋았는데, 하체를 완전 다 개조했나보네요. 저정도로 달려주는걸 보니...",2
297,이런차는 HMG 드라이빙익스피리언스나 현대n 행사때 초청해서 비어만형님께 대한민국이 이렇게 N에 진심이다 라는걸 보여줘야댐그래야 i30n이나 i20n같은것도 한국에 출시 시켜주지 않을까.. 아무래도 판매량은 저조하겠지만 한국의 드라이버들과 N과 자동차에 진심인 사람들이 있다면 최소한 그 사람들이 자국민이라면 판매량은 좀 떨어지더라도 국내출시를 해주는게 좋지 않을까 싶다,3
298,와...저차 어릴때 탔었는데...추억돋네...,6
299,재미있게 잘 봤어요. 속도 높이셨는데 다운힐 코너에서 리어 미끄러질때 차주분 철렁 하셨을듯..^^ 그래도 바로 카운터 잡아서 잘 살려주셔서 저도 쫄깃하게..ㅎㅎ,1
300,데칼 랩핑이 진짜 장난감차처럼 보이게 해주는거같아요!!,2
301,크으~~~~~~~진짜 저 차로 풀악셀 밟고 달려보고 싶네요!! 🤣🤣🤣👍👍👍,2
302,저도 실제로 엑셀N 한번 보고싶네요 ㅠㅠ 너무 부럽습니다 ㅠㅠㅠㅠ,3
303,우와 이건 진찌 부럽다!!저차를 타볼수 있는 기회가 ㅠㅠ,9
304,Jp 모터스포츠 작업영상만 보다가 본격적인 리뷰를 보게 되니 실감나네요.,2
305,ㄷㄷㄷ 이분 진짜다... 엑셀에 진심인 남자,2
306,저도 스포티지QL를 튜닝해서 타고있지만 튜닝문화가 빠르게 발전했으면 좋겠습니다,1
307,이건 찐이다ㄷㄷㄷ 👍👍👍 엑셀N 조수석 한번 느껴보고싶네요,5
308,13:30 자연스럽게 나오는 카운터스티어링 멋지네요 ^^,3
309,와...... 진짜 대단하십니다......,4
310,정말 가슴이 웅장해진다는 말밖에는...,2
311,엑셀을 저렇게 해놓으니깐 90년대 랠리카 삘이 묘하게 나면서도 있었을법한 모델처럼 보여요ㅋㅋㅋㅋ,7
312,그 곳이군요.. 노면도 안좋은데 잘타시네요..ㄷㄷ 차도 이쁘고...,1
313,경량화와 고성능이 만나면...후덜덜하것는데요...,2
314,루리웹 취미 게시판 끝판왕 민원장님 ㅋㅋ 민봉기 건프라 월드 부터 크 ..그나저나 현대는 민원장님 행사에 초대쫌 해줘요,7
315,4:19 비둘기 한마리4:23 두마리...4:27 세마리 ㅋㅋㅋ엔탈때가 그리워지는 소리입니다.Jp 블로그에서 보던차가 드디어!!차주님의 열정에 박수를!!,1
316,아니 근데 진짜 실내는 미쳤다 진짜로,1
317,정말 보는내내 와 대단하다!!!  멋지다!! 엄지척이내요 !!!,2
318,정말 멋있습니다 👍,3
319,"경사로 밀림방지 중립에선 작동 안하고, 기어 1단이나 후진 넣은 상태에서 브레이크에서 발 떼고 엑셀 밟을 때 까지 최대 2초정도 차가 안 밀리게 브레이크 약하게 계속 잡아주는겁니다.",2
320,지린다 ㅋㅋㅋㅋㅋ 리스펙함다 ㅋㅋ,1
321,와씨... 형님이 태워주는 거 타보고 싶습니다 와..,1
322,다른차들 어? 저차뭐지? 이러면서 운전할꺼란 생각에 웃기네요 ㅎㅎ 진짜 대단하십니다,3
323,대단하십니다  차 넘이뻐요,2
324,미쳤어 미쳤어!!! 너무나 배아프고 부럽고 ㅠㅠ,1
325,형 요즘 영상미가 좋아지고 있어 사랑해,3
326,오래된 차는 예쁠 수 없다고 생각했던 편견을 깨주네,3
327,너무 멋지네요!!!!,3
328,에버랜드 길이군요.. 요새 바닥에 패턴 심어나서 달리기가.. 좀 그렇던데,2
329,멋집니다. 그 열정을 응원합니다.,2
330,다른말이 필요없는듯..람보르기니 부럽지 않은 차량입니다 👍,1
331,근데 공조장치도 바꿀 수있나요?ㄷㄷ,1
332,좋은 영상 감사합니다,1
333,다음엔 f1 1.6리터 v6터보 하이브리드로 가시죠 대표님 ㅋㅋㅋㅋㅋㅋㅋㅋㅋㅋㅋㅋ,1
334,1:43 경사로 밀림방지기능ABS 모듈로 제어하는 일시적 밀림방지죠,1
335,와 열정이 대단하십니다.,1
336,5:10 복원....?이미 복원을 뛰어넘어 새로운 차량을 만들었는데요..?,2
337,양산하면 바로 계약하러 갑니다.,1
338,멋집니다~ 따봉,2
339,멋집니다. 후반 주옥같은 말씀들 잘 들었습니다.,1
340,구 랠리감성이네요! 이쁩니다,1
341,공도에서 너무 빡세게 모시는듯ㄷㄷ 별로 멀지도 않은데 차라리 서킷을 가시지 ㅠㅠ,1
342,대리만족…대리만족…은 무슨 부러워서 배가 아파서 화장실 가야겠습니다….,14
343,소개만 해서 아쉬었는데 잘 보았습니다,2
344,멋있다는 말 밖에는 생각이 안나네요.,2
345,어쩐지 얼굴이 좀 낯설지않다고 생각하면서 봤는데 건프라의 민원장님이 맞았네요.,2
346,와….무친 헤리티지….,1
347,제가 나중에 돈을 많이 번다면 지금 타고다니는 포르테쿱에다 N화 해보고싶은데 과연 할 수잇을지 몰겠내요 ㅋㅋ,1
348,Ae86n 기대한다,1
349,94년도 사무실 차가 엑셀이었는데. 4단까지만 있음ㅋㅋㅋㅋㅋㅋㅋㅋㅋㅋㅋㅋㅋㅋㅋㅋㅋㅋㅋㅋ 고속도로 못올라감.시속80키로가 맥시멈.ㅋㅋㅋㅋㅋㅋㅋ,1
350,경차무게에275마력...말이필요없징ㅋㅋ,1
351,와인딩 로드 위치가.궁금합니다!!,1
352,조선판 로터스느낌이 풍기는데요?,1
353,벼...변태...ㅎㅎ 여러가지이야기가 얽혀있는차네요 평생 잘 유지해주세요 ㅎㅎ(차에서 나는 잡음까지 마음에 든다...하앍),1
354,Let's roll it on Nür!🤭👍,1
355,덕후였군 ㅎㅎ,1
356,차주분 강병휘 선수인줄^^,1
357,엑셀이면 옛날 엑센트 하고 같은 엔진 이예요,1
358,쥐린다...,1
359,광폭타이어 검사 통과가 되는건가요?,1
360,감사합니다.,1
361,앞에 후드에 부채표 후시딘?  그려진건가요?,1
362,내돈내산 첫차 91년 엑셀GLSi ...,1
363,👍,1
364,와.......,1
365,"우와,,,",1
366,선따봉 후감상,1
367,말 잘하신다..ㅎ,1
368,바베큐 돌린 차대인가요.???,1
369,겉모습만 엑셀인데.?,1
370,BMW의 N?,1
371,킨텍스에서본거같은데..ㅋ,1
372,포니n이라도,1
373,알고리즘,1
374,잉??! 치과샘을 여기서 보내욤,2
375,ㅗㅜㅑ,1
376,"El hyundai Excel es un auto para mi fantastico rendidor y duradero, tengo uno que era de mi padre y lleva desde el 2000 con nosotros, nunca se nos descompuso, sin embargo tiene 250mil km, pero soy de Venezuela y aqui el repuesto de el auto mas economico, cuesta una fortuna, un ejemplo, se me descompuso, el carburador, y nuevo cuesta 258millones de bsf, y el sueldo minimo en mi pais, es de 5millones jaja,",2
377,올드카보니 얼마나 잘 관리하냐에 따라 차량성능이 달라진다.,6
378,진심 단종된차량 다시 나왔으면 좋겠네요,1
379,"tengo un hyundai excel de 1990 , version fabricada para estados unidos, en 30 años nunca me a dado un problema, es un excelente vehiculo, tiene muy buen rendimiento de combustible y su mantenimiento es de muy bajo costo. hay muchos repuestos que aca en chile no se consiguen , por lo que importarlos desde korea es una excelente alternativa.",1
380,현대차도 드디어 단종차 부품생산이 얼마나 중요한지를 알았구나,102
381,민봉기 아조씨 건담으로도 엄청유명하신분인데 저런취미도 가지고 계셧네요,4
382,쏘나타2의 부품들도 재생산돼었으면 좋겠습니다.리스토어할려는데 몇몇 부품은 구할수 없으니 불안해요,4
383,역사를 잃은자 미래가 없다고..우리나라도 올드카 문화 신경써야한다,2
384,대단하신분들^^,1
385,확실히 명차는 명차지,5
386,새벽마다 두부배달 가기 좋은 디자인이다....,1
387,H 덕후가 아니라 이니셜 D 덕후네 ㅋㅋ86 커스텀 이쁘당 ㄷㄷ,50
388,아버지의 90년식 스텔라 1.8i... 후륜 브레이크 실린더 부품을 못 구해서 2005년에 폐차했다. 부품만 있었으면 13년이 지난 지금까지도 소중히 타고 있었을 것을!!!,2
389,정말 대단..,1
390,뭔가 도랑타기라던가 관성드리프트 하던 두부차가 생각나긴햇는데 잘보니 AE85 닮은것같기도,1
391,어릴때 생각이 나는 동영상입니다ㅎㅎ,2
392,최근에 유튜브에서  엑셀밴에다가 벨로스터(!)의 엔진과 내장재를 얹은 걸 봤습니다. 그리고 제가 사는 아파트에도 엑셀밴 1대가 있죠.,1
393,난 99년식 현대 12인승 뉴 그레이스  수동남색이나 자주색 바디로 아주 깔끔하게 리스토어 해서 끌구다니구싶다ㅜㅜ,1
394,건프라쪽으로도 유명하신 민봉기 쌤이 .... ㄷㄷ,1
395,하찌로꾸 처럼 꾸미 셨군요오리지널 에 가깝게 복원 했으면 더 멋졌을것 같아요,1
396,민봉기님 올드카는 전부 차 고유의 물건을 가지고있어야한다는걸 잊지 마세요,1
397,AE86フェイクのカラーリングがカッコイイ！でもエンジンは4AGじゃないのが残念ですね。吹け上がり9000rpmのフィールが全然、違うんですよね。昔、乗っていました。そろそろ愛車のTB（click）とも15年付き合ってきたけど、もうすぐお別れです。日本仕様はヨーロッパ仕様で輸入されたので、ボディ剛性はゴルフⅡ並み。さすがに非力ではあったけど、VWヴェントから乗り継いでも足回りが良かったので違和感なく使えました。あと燃費の悪さは堪えましたね。,1
398,농민봉기형님 대단하시네요,1
399,97년 면허취득후중화고등학교 선생님이타시던 93년식 TRX 스틱중고로 입양 최고급 사양ㅋ단점은 에어컨이 영 시원찮음.ㅡㅡ다른건 만족 4년 더 타고친구한테 무상증여.ㅋ 내친구 더 타다  폐차 ㅡㅡ사고로,1
400,엑셀보다 그나마 신형인 티뷰론부품들도 어느모비스에서도 단종이라고 고개를 절레절레 흔들던데 과연 평생동반자라는 말뜻이 참 알수없군요,1
401,현대 엑셀 86 이내 ㅋㅋㅋ 두부 데칼 므찌네~,1
402,저 엑셀밴이 판다고 하면 가격이 100만원은 훨 넘을텐데 언더 100 경기에 출전하는게 가능한가요?,1
403,저도 현대자동차 덕후 입니다. ㅎ,1
404,와... 현대 올드카 좆간지다... 한국도 올드카 문화좀 더 많이 발전했음 좋겠네요 부품생산 계속 해주세요ㅠ,7
405,제발좀 구할수 있게 해주세요.각그랜져 초기 일자등 86년식 복원하다가 가운데루등도 없고 일부 부품도 없고 정말 제대로 복원하고 싶은데 부품이 단산이라는 게 너무아쉬워 다른 분께 판매 했습니다 정말 부품공급이 원활히 이루어지길 바램입니다.,7
406,부품대리점 사장님 빡침이 보인다,2
407,포니 부품좀 공급해주세요..할머니 옆집 포니가 라이트 니간채로 방치되어 있습니다..달릴수 있게 해주세요..ㅠ,44
408,I still use Hyundai excel 1995 @Thailand.,9
409,우리할아버지차도 엑셀벤인데 낡아서 시동도 잘안걸림,1
410,I love Hyundai Excel 1990,2
411,올드카 복원좀 해줘라....좀....ㅠㅠ,2
412,올드카 부품 구하기힘든데  어떻게 구하셨지,1
413,멋집니다,1
414,이 분 최근에 벤 모델 매입해서 엑셀N으로 대개조하심.,1
415,외관이 이니셜d에 나온 AE86 spinter TRUENO인줄...,1
416,파텍스에 엑셀 부품 없을텐데 ...,1
417,현대는 차만 만들줄알지 훗날 생각안하는기업  안망하고 버티는거버면 신기해,1
418,엑셀 덕후라....,6
419,이니셜D후지와라두부점 AE86인줄..,1
420,이니셜d 매니아이신가 ㅋㅋㅋㅋ ae86같다 ㅋㅋㅋ,2
421,뭐여 두부찬줄 알았넼ㅋㅋㅋㅋㅋㅋㅋㅋㅋㅋㅋ,1
422,광속 드리프트!~~~~,1
423,6시 내고향이냐 편집봐 ㅋㅋㅋㅋㅋㅋㅋㅋㅋㅋㅋ,1
424,엑셀인데... AE86 LEVIN 느낌이야,1
425,올드처음에 나온 판다 엑셀 언더백 레이스 출전 차량이네요..ㅎㅎ그리고 현대도 저런분들 보면 뭐 느끼는거 없나? 올드카 부품도 좀 찍어줘라..특히 구)기아차들 부품좀..,1
426,하치로쿠.....ㄷㄷㄷㄷ,1
427,86레빈ㅋㅋㅋㅋㅋㅋㅋㅋㅋㅋㅋㅋㅋㅋㅋㅋㅋㅋㅋㅋㅋㅋ,2
428,86 레진 판박이ㅋㅋㅋ,1
429,뭐여86룩이자나ㅋㅋ하고 웃다가 실내보고 흐이이이익?!?!?했다,1
430,저는 아반떼 xd가 좋습니다,1
431,건담만하시는게아니었네요ㅋ,10
432,판다도색 되있네 ㅋㅋㅋㅋㅋㅋㅋ,2
433,한국판 타쿠미인줄......,1
434,AE86인줄 ㄷㄷ,36
435,Ae86? 나말고도 다들 그렇게 생각하군,1
436,관세 드리뽀또!!!!!!!,4
437,엑셀86ㅋㅋㅋㅋ,2
438,액셀 86 ㅋㅋㅋㅋ,13
439,어디서 하치-로쿠가 보이는데??? 두부두부?!,8
440,뭔가 도요타86 구형  달은거  ㅇㅈ  ㅇㅇㅈ,2
441,덕후님이래ㅋㅋㅋㅋㅋ,1
442,아직도현대차를...,1
443,변신전에 나왔던차는 세단인데?,1
444,이니셜D두부차 같은데?ㅋㅋㅋㅋ,2
445,7:52 팀랩푤릐뮐들,2
446,SUPER EUROBEAT KICKS IN,3
447,울 아빠차 엑셀이였었는데....갖고있을껄,1
448,ae86 크흠,1
449,Ae86 인줄,29
450,여기서 빨간차가 제일 구형임 엑셀2 남지기는다 엑셀3임,1
451,안에 저렇게 튜닝할거면 딴차로하지,1
452,나닛? 관성드리프트?,2
453,86?ㅋㅋ옆에써잇는건 두부집인줄,1
454,치과의사가 아니라 두부가게를 했어야지 이양반아,58
455,86두부차무엇ㅋㅋㄱㅋㄱㅋㅋㄲㅋㅋㅋㅋ,1
456,ㅋㅋㅋㅋㅋㅋㅋㅋㅋ앜ㅋ,1
457,이니셜D 팬이신가 보네,1
458,하치로쿠?!!!,1
459,저분차 어디서 본거 같은데,1
460,나...나아니? 꽌세도리프토?,1
461,두부집차다,1
462,이니셜D!,2
463,안녕하세요 투스카니덕후 준형이라고합니다,1
464,AE86??,34
465,어 저거 코롤라 레빈,2
466,나니?! 관세드리포토,1
467,5:59,1
468,이니샤르~디~,1
469,이니셜D보신분ㅋㅋ,2
470,관성드리프트??,1
471,부업으로 두부집하시나보네,1
472,AE86 래빈,2
473,한국판 이니셜디,1
474,0:10 DN8?,1
475,읭? 건프라월드 민봉기님 아님?,11
476,두부집차다,1
477,하치로쿠???,1
478,잠만 의사 민봉기상이라면 건담의 그??,1
479,하찌로쿠?,2
480,하치로쿠?,1
481,승한님..?,3
482,그래서 머 어쨋다는거야?,1
483,이니셜d,1
484,엑셀을 완전히 86으로 껍데끼랑 다 바꿔놓고먼 덕후냐 올드카는 챠량 그대로 복원해야 그게 멋이지 저렇게 ae86좋아하면 치과하겠다 돈있음일본서 그냥 ae86 구버전 가지고오지차완전 거지만들어놧네,6
485,무슨 엑셀 덕후냐  엑셀 쪽팔리니  86처럼 튜닝 했네 ㅋㅋ 존나 웃기네 ㅋㅋㅋ지도 쪽팔린줄 알았나 보네 ㅋ,1
486,올드카란 오래된 고급 수입 명차같은것들이나 가치가 있는거지 엑셀 포니 티코 이런건페차하기도 민망한 그냥 똥차라고 하는겁니다.,3
487,리타더와 와이드범버는 필수라고 봐야 합니다 와이드범버 들어가면 트럭자세 완전 나와요 눈웃음치는 이쁜 LED 상하좌우 4개 들어옵니다 정말 이뻐요,2
488,주문까지 시간 걸려도 와이드범버로 하세요 아니면 타다가 개조해야 되요,2
489,5:05 변속기어 발음에 깜짝 놀라신 교수님 ㅋㅋㅋ,2
490,천안 충청카에 누가 주문했는지 레드에 저상범퍼 카고 엑시언트 아직까지 임자를 못찾고 있더라고요 와이드범버였으면 몆십번이나 팔았을차를... 그차 팔려면 와이드범버로 개조해서 팔아야할듯요,2
491,엑시언트 사실때 와이드범버 따로 꼭 옵션 추가 하셔야 합니다 저상범버 사양이 있지만 고상과 차이없습니다 저상인데 높아요 안개등에 LED도 없고요와이드범버로 해야 간지납니다 카고도 와이드범버로 해도 요즘 길이 좋아서 괜찮습니다,3
492,와... ~!,3
493,연비가 최강입니다^^ 돈 버는 차임,2
494,수동기반자동변속기라 다른변속기없었나,1
495,어떻게 1년에 2000만원이 절약됩니까요잘해야 1년에 300~400만원정도 절약됩니다 두분다 엉터리네요,2
496,엑시언트가 볼보보다 브레이크 잘듣고 연비도 잘 나옵니다 세상 편해요... 트라고 타다가 볼보중고 안은분들 더러 보는데 사서 고생하는거에요 엑시새차가 몇배는 낫습니다 엑시언트브레이크 신세계에요 볼보브레이크는 아직 멀었어요 퍼포먼스브레이크,7
497,구루가 먼가여 닉네임인가....,2
498,유럽산 트럭에 비하면 실내건 실외건 성능이건 구데기 ㅡ.ㅡ 몇년째 울궈먹누 ㅡ.ㅡ 트라고 때도 그러더만.,1
499,어릴적 타던 차를 여기서 볼 수 있어서 너무 반갑습니다. 잘 관리 되어서 오래동안 차시면 좋겠습니다.,2
500,와 멋진차  보여주셔서   감사합니다...,3
501,와~ 옛 감성이 느껴지는군요,4
502,동시대의 세단형 1.5GLSi 가지고 있었죠.도어 액츄에이터는 엘란트라에는 있었지만 엑셀에는 옵션이 없었습니다.,2
503,저희 아버지 두번째로 운전했던 차네요. 저도 많이 탓었습니다.,5
504,디자인은 맘에드네 성능이 도요타 AE86정도만 되도 괜찮을꺼 같은데 ㅋㅋㅋㅋㅋㅋㅋㅋㅋㅋ,3
505,외제차 갬성이 느껴지네요ㅋㅋ,3
506,엑셀 서민차죠 교통사고나면 사망자가제일많았던 차죠 가격대가 890~900엑셀차량,3
507,오늘도 열일 하시는 이대표님 감사합니다.. K car 광고도 보이던데 좋은 일이신가? ㅋㅋ,3
508,저당시 차들이 수입강판을 써서덜썪습니다.,3
509,헉. 울아버지 첫차..,4
510,GSXi 라길래 GS 자이 라고 읽게 되네요ㅎㅎ,2
511,엑셀택시도 많이탓엇어요~~,3
512,뒷자석 자리 좁은거 실화냐? ㅋㅋㅋㅋㅋ,2
513,9:19 수동이 아니라 자동이요!!!,1
514,내가몰아본 차네요,2
